282377,1,803098,1,275494,1,832747,1,268627,1,839750,0
630656,16,842707,2,1065486,26,1055131,2,1265421,4,906925,0
804020,31,860307,3,1579875,51,1098092,3,2211318,7,1028429,1
1032193,46,916211,4,2366287,76,1203759,4,3303181,8,1045297,1
1292414,61,932745,5,2948504,101,1237721,5,4341876,10,1148463,2
1695927,76,949966,6,3796839,126,1290932,6,5446838,12,1172559,2
2016604,91,970880,7,4697885,151,1312971,7,6504729,15,1227472,2
2357013,106,1003091,8,5682930,176,1337634,8,7573673,18,1249821,2
2701311,5,1090984,9,6501444,201,1400449,9,8592401,20,1357826,2
3062256,20,1139039,10,7236191,226,1453175,10,9592808,23,1453698,3
3279271,35,1163033,11,8459974,251,1511205,11,10632819,26,1567405,3
3526955,50,1258637,12,9400625,276,1532548,12,11604368,27,1680223,4
3750610,65,1290132,13,10382941,301,1603909,13,12628827,28,1712712,4
4019483,80,1322770,14,11249516,326,1656571,14,13638398,31,1735115,4
4255995,95,1415521,15,11832381,351,1674822,15,14725801,33,1778156,4
4546753,110,1442159,16,12937562,376,1695477,16,15713518,36,1864692,4
4755375,125,1487918,17,13801382,401,1733555,17,16684269,39,1901218,4
4988794,140,1613908,18,14534728,426,1752926,18,17698229,42,2004363,5
5128836,155,1643749,19,15267419,451,1785621,19,18773464,45,2092080,5
5568433,9,1667530,20,16028611,476,1809615,20,19876330,20,2208146,6
5793975,24,1685511,21,16763982,501,1855362,21,20921339,14,2265936,6
6048943,39,1711586,22,17627263,526,1893038,22,21888829,17,2326620,6
6263224,54,1738538,23,18340943,551,1921819,23,22933212,20,2350482,6
6519917,69,1765459,24,18946105,576,1953691,24,23962308,22,2384360,6
6704115,84,1804576,25,19915931,601,1981965,25,25037773,24,2476719,6
6903916,99,1824955,26,20612448,626,2023008,26,26145744,27,2555623,6
7177460,114,1900132,27,21143214,651,2043807,27,27340208,29,2631503,6
7467199,129,1919793,28,22046849,676,2132263,28,28393762,32,2693184,6
7707701,144,1938139,29,22757312,701,2243619,29,29419925,35,2729764,6
7915137,159,2008328,30,23585348,726,2285086,30,30396658,37,2841262,7
8175053,14,2033710,31,24635130,751,2364467,31,31489915,40,2907719,7
8415233,29,2093841,32,25853295,776,2389836,32,32490638,43,3004765,8
8581932,44,2174377,33,26882347,25,2417152,33,33507958,46,3028500,8
8953732,59,2205142,34,27686255,50,2449523,34,34520141,49,3076684,8
9225521,74,2239032,35,28440336,75,2497977,35,35522950,51,3148701,8
9525391,89,2260230,36,29214937,100,2574574,36,36531141,54,3170495,8
9723557,104,2279496,37,29973303,125,2637579,37,37553674,57,3302434,9
10030606,119,2325239,38,30891649,150,2668490,38,38589903,60,3333973,9
10219718,134,2345368,39,31600507,175,2694926,39,39657857,63,3460243,10
10472802,149,2393321,40,32329036,200,2731622,40,40686484,16,3591985,11
10681569,9,2410536,41,33384940,225,2800284,41,41785213,19,3663582,11
11006643,24,2427871,42,34504476,250,2821495,42,42811108,21,3766942,11
11225686,39,2449491,43,35284514,275,2856190,43,43814128,23,3890660,12
11390564,54,2554060,44,35993236,300,2934553,44,44807627,25,3910197,12
11593523,69,2580464,45,36721368,325,2964337,45,45852316,28,3931061,12
11828899,84,2609530,46,37781135,350,2981331,46,46936756,31,3971803,12
12110595,99,2649679,0,38485200,375,3063212,47,47958107,33,4031574,12
12399133,114,2659615,0,39283210,400,3084899,48,49044209,34,4107347,12
12642746,129,2670977,0,39926432,425,3113646,49,50010759,36,4216780,12
13054475,144,2683622,0,40794571,450,3177067,50,50969209,38,4318170,13
13307718,5,2697276,0,41766747,475,3223829,51,52027730,41,4355320,13
13611514,20,2711767,0,42485732,500,3266045,52,53075987,44,4491352,14
13864940,35,2726756,0,43449859,525,3290880,53,54088613,46,4576998,14
14097135,50,2742239,0,44191550,550,3336868,54,55147273,49,4704641,15
14318062,65,2758099,0,44946783,575,3392981,55,56152329,52,4831338,16
14468121,80,2774129,0,45857372,600,3418258,56,57146677,54,4897726,16
14756520,95,2790508,0,46673224,625,3487555,57,58161753,57,4984163,16
15050045,110,2807125,0,47466580,650,3511251,58,59185319,13,5021321,11
15348915,125,2823680,0,48386142,675,3551496,59,60197181,15,5083798,11
15610561,140,2840570,0,49009983,700,3628186,60,61226050,18,5194553,11
16007724,4,2857123,0,49500114,725,3683709,61,62203046,21,5299074,7
16290954,19,2874022,0,50386997,750,3710915,62,63266896,24,5314646,7
16492117,34,2891628,0,51143502,775,3758871,63,64311439,27,5331140,7
16777673,49,2931450,1,51790364,800,3801522,64,65377413,29,5347583,7
16942878,64,2968931,2,53025533,18,3828107,65,66497905,32,5366443,7
17259572,79,3003501,3,53663869,43,3917094,66,67537221,34,5382898,7
17473716,94,3040533,4,54466635,68,3981714,67,68523054,37,5482232,8
17712308,109,3061628,5,55222747,93,3999690,68,69661332,39,5517438,8
17972995,124,3080914,6,56287042,118,4025940,69,70680713,42,5563625,8
18211552,139,3108837,7,57403674,143,4218187,70,71712992,45,5676203,9
18598174,3,3138674,8,58543743,168,4269815,71,72785886,48,5694345,9
18924035,18,3210113,9,59134300,193,4303657,72,73836584,51,5711246,9
19154315,33,3237778,10,59942686,218,4336582,73,74900943,54,5790760,9
19385749,48,3282836,11,60572240,243,4357638,74,75906450,57,5830330,9
19730774,63,3354021,12,61385052,268,4398657,75,76903833,60,5877046,9
19978696,78,3378881,13,62555641,293,4469147,76,77948932,63,5923953,9
20272757,93,3409169,14,,,4521789,77,78986848,14,5970682,9
20521785,108,3439940,15,,,4558371,78,80001671,17,6070093,10
20652078,123,3463449,16,,,4641485,79,81099671,20,6098496,10
20856706,138,3486536,17,,,4694528,80,82098370,23,6127609,10
21066249,153,3549217,18,,,4745385,81,83162815,26,6160338,10
21394383,10,3587827,19,,,4780520,82,84137513,7,6205614,10
21714546,25,3618669,20,,,4806393,83,85187534,9,6255438,10
21918655,40,3645082,21,,,4850498,84,86213737,12,6311451,10
22201545,55,3666127,22,,,4927525,85,87271824,15,6355474,10
22548935,70,3705758,23,,,5057645,86,88376949,18,6394363,10
22811173,85,3722310,24,,,5092512,87,89393542,20,6446958,10
23039061,100,3758580,25,,,5158358,88,90346183,23,6503869,10
23299108,115,3780882,26,,,5176079,89,91468980,26,6524751,10
23530294,130,3810135,27,,,5206690,90,92495281,29,6621515,11
23916764,1,3837149,28,,,5252266,91,93564590,32,6686823,11
24266296,16,3905395,29,,,5324072,92,94562124,35,6722803,11
24576786,31,3926844,30,,,5343823,93,95643629,38,6770136,11
24821962,46,3945855,31,,,5409211,94,96667131,41,6788128,11
25150622,61,3976688,32,,,5428123,95,97607182,42,6883262,12
25399655,76,4001827,33,,,5527062,96,98634102,45,6912629,12
25599817,91,4023211,34,,,5589503,97,99723241,47,6938983,12
25843242,106,4058300,35,,,5717952,98,100790557,12,7009018,12
25976283,121,4088686,36,,,5769001,99,101867739,14,7054211,12
26327285,136,4146660,37,,,5870399,100,102936912,17,7111090,12
26678809,10,4166016,38,,,5943151,101,103967955,20,7132050,12
26967839,25,4196402,39,,,5960298,102,105029594,17,7220489,12
27188628,40,4222442,40,,,6008535,103,106075499,7,7285059,12
27486456,55,4241819,41,,,6074592,104,107104962,9,7401462,12
27724430,70,4262088,42,,,6108690,105,108174808,12,7422337,12
27869071,85,4280280,43,,,6162471,106,109172902,15,7534593,13
28081893,100,4312671,44,,,6232212,107,110295934,18,7556742,13
28420008,115,4358977,45,,,6258746,108,111352684,20,7662246,14
28745026,130,4394584,46,,,6339300,109,112462162,22,7757188,15
29011316,145,4440362,47,,,6387396,110,113535706,25,7814662,15
29267185,8,4472552,48,,,6415153,111,114533603,28,7911909,15
29469024,23,4491064,49,,,6471962,112,115561876,31,7938204,15
29742399,38,4534360,50,,,6531574,113,116529970,34,7957817,15
29954983,53,4574991,51,,,6609940,114,117586813,37,8022678,15
30157132,68,4594428,52,,,6737547,115,118657461,39,8071079,15
30354621,83,4620145,53,,,6761170,116,119723472,25,8138635,13
30640148,98,4652864,54,,,6819432,117,120722256,9,8212205,13
30875528,113,4671986,55,,,6852283,118,121760976,12,8333710,14
31078868,128,4690480,56,,,6969338,119,122910435,14,8352086,14
31379122,143,4731120,57,,,6992655,120,123916057,17,8386788,4
31546072,158,4757133,58,,,7071231,121,125062258,20,8402399,4
31740565,173,4782048,59,,,7130628,122,126127710,23,8418611,4
31921907,14,4804292,60,,,7302598,123,127193500,26,8435148,4
32202914,29,4822037,61,,,7331312,124,128160490,7,8451754,4
32397271,44,4839618,62,,,7410144,125,128935899,10,8471638,4
32607390,59,4865652,63,,,7470481,126,129903020,12,8495541,4
32822513,74,4915693,64,,,7490865,127,130944625,15,8533305,4
33033562,89,4938304,65,,,7512300,128,131873888,18,8558012,4
33264343,104,4967734,66,,,7560670,129,132928555,20,8620633,4
33480899,119,5018138,67,,,7589415,130,133970248,23,8642206,4
33857345,134,5042253,68,,,7614243,131,135105529,26,8664508,4
34059594,149,5068453,69,,,7716858,132,136133185,28,8690926,4
34186898,164,5090758,70,,,7764038,133,137169612,31,8752739,4
34438071,10,5133059,71,,,7864493,134,138230312,33,8853620,5
34692087,25,5165479,72,,,7885691,135,139274733,36,8945374,5
35018748,40,5200313,73,,,7921780,136,140295515,39,8977898,5
35169189,55,5224687,74,,,7940352,137,141287760,41,9081320,5
35572278,70,5260801,75,,,8021762,138,142322479,44,9176743,5
35818533,85,5299289,0,,,8153437,139,143315607,12,9248549,5
35984630,100,5309638,0,,,8173750,140,144238712,15,9265958,5
36199025,115,5321524,0,,,8233037,141,145288591,18,9360046,6
36454114,130,5334363,0,,,8250479,142,146348876,21,9386307,6
36633464,145,5348194,1,,,8286263,143,147420231,24,9496763,7
36981627,1,5362844,1,,,8310631,144,148456565,27,9537336,7
37204449,16,5377924,1,,,8353500,145,149516267,30,9641202,8
37426752,31,5393510,1,,,8418962,146,150542101,32,9749917,8
37641585,46,5409390,1,,,8463282,147,151583101,34,9836313,9
37834589,61,5425482,1,,,8558944,148,152624043,36,9861715,9
37961036,76,5441644,1,,,8580423,149,153589093,38,9951441,9
38278032,91,5457927,1,,,8601344,150,154533432,5,10059271,10
38533729,106,5474425,1,,,8665110,151,155431314,7,10078861,10
38808379,121,5490873,1,,,8692990,152,156541582,9,10128003,10
39022832,136,5507770,1,,,8767980,153,157606617,12,10223793,11
39288587,151,5525007,1,,,8786102,154,158707854,15,10290468,11
39481733,166,5541466,1,,,8823268,155,159744759,17,10393709,12
39793615,13,5558210,1,,,8862438,156,160725512,20,10415036,12
39985512,28,5575018,1,,,8906080,157,161683190,23,10455847,12
40204633,43,5595980,1,,,8932718,158,162769070,12,10573832,13
40427778,58,5624367,1,,,9005881,159,163865306,6,10662229,13
40724740,73,5643643,1,,,9033817,160,164796404,9,10689784,13
41035819,88,5683978,2,,,9068222,161,165832500,11,10728840,13
41380013,103,5711821,3,,,9086605,162,166895213,14,10759755,13
41550262,118,5729036,4,,,9208045,163,167863100,16,10777665,13
41810614,133,5752580,5,,,9272417,164,168985999,19,10808515,13
42117676,148,5775172,6,,,9303559,165,170026531,21,10857600,13
42309974,13,5803252,7,,,9337148,166,171080799,24,10881336,13
42537591,28,5850510,8,,,9361271,167,172153862,26,10971135,14
42742027,43,5880771,9,,,9400845,168,173187795,28,11011078,14
42940745,58,5910588,10,,,9436463,169,174143390,31,11058388,14
43231012,73,5936930,11,,,9463765,170,175112323,9,11088151,14
43415335,88,5987261,12,,,9496929,171,176172324,11,11212213,15
43636637,103,6008495,13,,,9589882,172,177248023,14,11247485,15
43959618,118,6026247,14,,,9666025,173,178275780,17,11264933,15
44242659,133,6074515,15,,,9714554,174,179302877,20,11389115,16
44475729,148,6112443,16,,,9732089,175,180300315,23,11422522,16
44754346,163,6145048,17,,,9758246,176,181315636,26,11547475,17
44923397,9,6193989,18,,,9777665,177,182306097,28,11565755,11
45155783,24,6218006,19,,,9798133,178,183418938,31,11600023,11
45329272,39,6235306,20,,,9819538,179,184404393,33,11618498,11
45595004,54,6264582,21,,,9858553,180,185395320,22,11707034,11
45841241,69,6289494,22,,,9899635,181,186458236,10,11828597,12
46030903,84,6306040,23,,,9971461,182,187605538,13,11862806,6
46359040,99,6339338,24,,,9997425,183,188740794,15,11878414,6
46685728,114,6366794,25,,,10046931,184,189695537,17,11894843,6
46919980,129,6397696,26,,,10070899,185,190750785,20,11913425,6
47214939,144,6429305,27,,,10094128,186,191766345,23,11930408,6
47456964,159,6457659,28,,,10154684,187,192729888,26,11952549,6
47745953,15,6504662,29,,,10211811,188,193689183,29,12062638,7
48027348,30,6556859,30,,,10302137,189,194698174,32,12090075,8
48219155,45,6631983,31,,,10342026,190,195800114,35,12169599,8
48402684,60,6656650,32,,,10363511,191,196788167,38,12188549,8
48557204,75,6683237,33,,,10385648,192,197805361,41,12260735,8
48869789,90,6704098,34,,,10430204,193,198880454,43,12299565,8
49057671,105,6767245,35,,,10455164,194,199853695,14,12387918,8
49222954,120,6788260,36,,,10496655,195,200870384,17,12419081,8
49440760,135,6807460,37,,,10555058,196,201953924,20,12438318,8
49709943,150,6847400,38,,,10588119,197,203052104,23,12524400,8
49901597,165,6880531,39,,,10757892,198,204003383,26,12649907,9
50100470,180,6909653,40,,,10803248,199,205031179,29,12696247,9
50255649,14,6981170,41,,,10847527,200,205978697,2,12781495,9
50498467,29,7000806,42,,,10914379,201,206996431,4,12886782,10
50797308,44,7024178,43,,,10966600,202,207993008,7,12987751,11
51005643,59,7053823,44,,,10995868,203,209009999,10,13085319,12
51451448,74,7076406,45,,,11026139,204,209801646,12,13118261,12
51777397,89,7093237,46,,,11052027,205,210814036,15,13193047,12
51895107,104,7126547,47,,,11084453,206,211833704,17,13265071,12
52095230,119,7143617,48,,,11119970,207,212868836,20,13388637,13
52248005,134,7169597,49,,,11153847,208,213934332,23,13509856,14
52506602,149,7192843,50,,,11282037,209,214906127,26,13532811,14
52913066,6,7210007,51,,,11309479,210,215949789,29,13561226,14
53254214,21,7235513,52,,,11360372,211,216989082,32,13656033,14
53630020,36,7257935,53,,,11384926,212,218080683,35,13764910,14
53819499,51,7296035,54,,,11525574,213,219087450,38,13788225,14
54118894,66,7312465,55,,,11664651,214,220056249,10,13894973,15
54509310,81,7345111,56,,,11687093,215,221051561,13,13990300,16
54770739,96,7380345,57,,,11708641,216,222055611,16,14057191,16
54922598,111,7431261,58,,,11754885,217,223046307,19,14138021,16
55173811,126,7447663,59,,,11771506,218,223940764,20,14253129,17
55444698,1,7465206,60,,,11845659,219,224666849,23,14275193,17
55713017,16,7485131,61,,,11877584,220,225781528,24,14296424,17
55988684,31,7504536,62,,,11894222,221,226779694,26,14416758,18
56271333,46,7525941,63,,,11911973,222,227767271,20,14481386,18
56620308,61,7572334,64,,,11933237,223,228737314,8,14588033,19
56896038,76,7622461,65,,,11965755,224,229751862,10,14650997,19
57049413,91,7652044,66,,,12003442,225,230842779,13,14752261,20
57326698,106,7684414,67,,,12020252,226,231939079,16,14788436,20
57596366,121,7722998,68,,,12147684,227,232991494,19,14805443,20
57910435,136,7788744,69,,,12204912,228,234002674,22,14893915,20
58132173,6,7876177,70,,,12236327,229,234996111,24,14969668,20
58417556,21,7903371,71,,,12253330,230,236061879,27,15083380,21
58622351,36,7943881,0,,,12414409,231,237059687,28,15124156,21
58769781,51,7953846,0,,,12431461,232,238080249,31,15248688,22
59172854,66,7965175,0,,,12464580,233,239174656,33,15322149,11
59341187,81,7977793,0,,,12485669,234,240394070,36,15423942,12
59621297,96,7991352,0,,,12565579,235,241591756,38,15543306,13
59842600,111,8005708,0,,,12690787,236,242629902,40,15564251,5
60193897,126,8020661,0,,,12737455,237,243714384,43,15579824,5
60501188,141,8036112,0,,,12778269,238,244433299,14,15596086,5
60702393,156,8051912,0,,,12805027,239,245521190,16,15612452,5
61042469,15,8067991,0,,,12827692,240,246611265,19,15629228,5
61249717,30,8084231,0,,,12845618,241,247658175,21,15659954,5
61361188,45,8100475,0,,,12863613,242,248674918,24,15703144,5
61546348,60,8116893,0,,,12900575,243,249699135,17,15733879,5
61791910,75,8133399,0,,,12931658,244,250704021,7,15757419,5
61979616,90,8150305,0,,,13077617,245,251699892,10,15810899,5
62216106,105,8168379,0,,,13155254,246,252762493,12,15900253,5
62426752,120,8184942,1,,,13186404,247,253808037,13,15984450,5
62634727,135,8204253,1,,,13274874,248,254834760,15,16013754,5
62887393,150,8220658,1,,,13291342,249,255857708,17,16048732,5
63136269,165,8241909,2,,,13347336,250,257030823,20,16114254,5
63440262,2,8270378,3,,,13447197,251,258083771,23,16151192,5
63732939,17,8292055,4,,,13498849,252,259048918,26,16170162,5
63881309,32,8335519,5,,,13525614,253,260084922,29,16237388,5
64124926,47,8361680,6,,,13547050,254,261121165,32,16260641,5
64367860,62,8395244,7,,,13614222,255,262048223,35,16277339,5
64580520,77,8434024,8,,,13704647,256,263052558,19,16355237,5
64785124,92,8461694,9,,,13760778,257,263997348,12,16419969,5
64990734,107,8480045,10,,,13833089,258,265010868,15,16532432,6
65270340,122,8501875,11,,,13870195,259,266041641,18,16631915,7
65545498,137,8553387,12,,,13899524,260,267001207,21,16659222,7
65726993,152,8573694,13,,,13921676,261,267943464,24,16761615,8
65929617,167,8607476,14,,,13938837,262,268955176,25,16885111,9
66173523,12,8671790,15,,,13975918,263,269973618,28,16947724,9
66412475,27,8688263,16,,,13995572,264,271020584,31,17008068,9
66624066,42,8718225,17,,,14046786,265,271803502,32,17027499,9
66812556,57,8771062,18,,,14068273,266,272903675,34,17081819,9
67117994,72,8812705,19,,,14135224,267,273857655,9,17196589,10
67507145,87,8841361,20,,,14189605,268,274990872,11,17256957,10
67730966,102,8862352,21,,,14217127,269,275977317,14,17302400,10
67874341,117,8930831,22,,,14266483,270,276995681,16,17350202,10
68151564,132,8952296,23,,,14316688,271,278104121,18,17428423,10
68354519,147,8979869,24,,,14369839,272,279176626,21,17489017,10
68581559,162,9001328,25,,,14394641,273,280165543,24,17542038,10
68866523,9,9052668,26,,,14426177,274,281248124,27,17572045,10
69085420,24,9077270,27,,,14546143,275,282172983,30,17622483,10
69327184,39,9104877,28,,,14584262,276,283235023,32,17708087,11
69628140,54,9122695,29,,,14709416,277,284293513,35,17824430,12
69782571,69,9152118,30,,,14798823,278,285329512,21,17866509,12
70074546,84,9225322,31,,,14824584,279,286307375,8,17919779,12
70318722,99,9249404,32,,,14853070,280,287296428,10,17984408,12
70511696,114,9292667,33,,,14889847,281,288307698,13,18075022,12
70663620,129,9322034,34,,,14908391,282,289355620,16,18127959,12
71035561,144,9358957,35,,,14926401,283,290462659,19,18152437,12
71252868,159,9377837,36,,,14950167,284,291431668,22,18266455,13
71520232,11,9426324,37,,,15016392,285,292430821,24,18344083,13
71750414,26,9445957,38,,,15041246,286,293456389,27,18441148,13
71949894,41,9470042,39,,,15068204,287,294425962,29,18457953,13
72151008,56,9495973,40,,,15092420,288,295404716,31,18478077,13
72488324,71,9526778,41,,,15142726,289,296352284,8,18546052,13
72758214,86,9560155,42,,,15216211,290,297409371,11,18628885,14
73009332,101,9578683,43,,,15269972,291,298462018,14,18663254,8
73253888,116,9606760,44,,,15358729,292,299472110,16,18706429,8
73514532,131,9659016,45,,,15403425,293,300436895,19,18782253,8
73776390,146,9683631,46,,,15505549,294,301455045,22,18902443,9
74010001,1,9705046,47,,,15536892,295,302483599,25,18943428,4
74204821,16,9737382,48,,,15584692,296,303559165,28,18959054,4
74475558,31,9754748,49,,,15608040,297,304653943,30,18975153,4
74730483,46,9799595,50,,,15655177,298,305636463,5,18991479,4
74956920,61,9832494,51,,,15690763,299,306662238,8,19011133,4
75249668,76,9855470,52,,,15707623,300,307693651,9,19065887,4
75515643,91,9917913,53,,,15759171,301,308698444,12,19118278,4
75724175,106,9947075,54,,,15804445,302,309856342,15,19151561,4
76054589,121,9968283,55,,,15873802,303,310892636,17,19171696,4
76413580,136,9987000,56,,,15907079,304,311891413,20,19195114,4
76744061,9,10028362,57,,,15942161,305,312970416,23,19290362,5
77071722,24,10070750,58,,,15976457,306,314010847,25,19317155,6
77305762,39,10098730,59,,,16033167,307,314750772,28,19349032,6
77576417,54,10116375,60,,,16114127,308,315783421,31,19380683,2
77721910,69,10135901,61,,,16151473,309,316846993,34,19396261,2
77943387,84,10171059,62,,,16206521,310,317773169,9,19412760,2
78202514,99,10187845,63,,,16223451,311,318886581,11,19430085,2
78416451,114,10205998,64,,,16324541,312,319911694,13,19446526,2
78674573,129,10251671,65,,,16457210,313,320915760,14,19481940,2
78877866,144,10320792,66,,,16483327,314,321915566,17,19516763,2
79199526,159,10355799,67,,,16558095,315,322944062,20,19609811,3
79481865,13,10373083,68,,,16652825,316,323932475,22,19637415,3
79712518,28,10435224,69,,,16713211,317,325081261,23,19771124,4
79908673,43,10464118,70,,,16749044,318,326130696,16,19901318,5
80109758,58,10482551,71,,,16890541,319,327137713,7,19920586,5
80404388,73,10514944,72,,,16949421,320,328185280,10,19984509,5
,,10533849,73,,,16973761,321,329268196,13,20055656,5
,,10556394,74,,,17020988,322,330318837,15,20158227,6
,,10594510,0,,,17087370,323,331368424,18,20183072,6
,,10604953,0,,,17115803,324,332396956,21,20306028,7
,,10616744,0,,,17212076,325,333394464,24,20429054,8
,,10629812,0,,,17279850,326,334449166,27,20482057,8
,,10643639,0,,,17331011,327,335512763,30,20516976,8
,,10658171,0,,,17451684,328,336573771,33,20609716,8
,,10673359,0,,,17482590,329,337549204,35,20707375,8
,,10688978,0,,,17548288,330,338516503,37,20733994,8
,,10704857,0,,,17582027,331,339552786,40,20773977,8
,,10720936,0,,,17598715,332,340640076,43,20889399,9
,,10737142,0,,,17708099,333,341699758,46,20986287,9
,,10753575,0,,,17766303,334,342726235,49,21030095,9
,,10769917,0,,,17839604,335,,,21172568,10
,,10786519,0,,,17857815,336,,,21200602,10
,,10803134,0,,,17931461,337,,,21332249,11
,,10819560,1,,,17971441,338,,,21394450,11
,,10838757,1,,,17996039,339,,,21465551,11
,,10859830,2,,,18020450,340,,,21488375,11
,,10888149,2,,,18042362,341,,,21581878,12
,,10909352,3,,,18078369,342,,,21637492,12
,,10927149,4,,,18107481,343,,,21698976,12
,,10971001,5,,,18170385,344,,,21767779,12
,,10996632,6,,,18209621,345,,,21827891,12
,,11059473,7,,,18424558,346,,,21844389,12
,,11113958,8,,,18469697,347,,,21880957,12
,,11154717,9,,,18546442,348,,,21992519,13
,,11173088,10,,,18569478,349,,,22071431,13
,,11204187,11,,,18654895,350,,,22178313,14
,,11225270,12,,,18714538,351,,,22235074,14
,,11255128,13,,,18868611,352,,,22318760,14
,,11272024,14,,,18919785,353,,,22356210,14
,,11305218,15,,,19011918,354,,,22393762,14
,,11332457,16,,,19074154,355,,,22450428,14
,,11362061,17,,,19092864,356,,,22570819,8
,,11383549,18,,,19112232,357,,,22623439,8
,,11405186,19,,,19134251,358,,,22713505,8
,,11427974,20,,,19157681,359,,,22744101,8
,,11449545,21,,,19291714,360,,,22764546,5
,,11502279,22,,,19354019,361,,,22780101,5
,,11529897,23,,,19373365,362,,,22796250,5
,,11561454,24,,,19403575,363,,,22813711,5
,,11586132,25,,,19420937,364,,,22830952,5
,,11654975,26,,,19440664,365,,,22913408,5
,,11722910,27,,,19471394,366,,,22940332,5
,,11743939,28,,,19510476,367,,,22966151,5
,,11807362,29,,,19553973,368,,,23082585,6
,,11844657,30,,,19611756,369,,,23145344,1
,,11883696,31,,,19714056,370,,,23160882,1
,,11943944,32,,,19751123,371,,,23177055,1
,,11983641,33,,,19794098,372,,,23193866,1
,,12014225,34,,,19833076,373,,,23215939,1
,,12036405,35,,,19862550,374,,,23233946,1
,,12075266,36,,,19923815,375,,,23266961,1
,,12101415,37,,,19958225,376,,,23288747,1
,,12169727,38,,,20081040,377,,,23381298,1
,,12218103,39,,,20107561,378,,,23432555,1
,,12264258,40,,,20128605,379,,,23451425,1
,,12290792,41,,,20237868,380,,,23553193,2
,,12314032,42,,,20283512,381,,,23661810,3
,,12335574,43,,,20305430,382,,,23730697,3
,,12358189,44,,,20381861,383,,,23755010,3
,,12378842,45,,,20399499,384,,,23783053,3
,,12399899,46,,,20427496,385,,,23870578,4
,,12422342,47,,,20491476,386,,,23991424,5
,,12442060,48,,,20567009,387,,,24091138,6
,,12462625,49,,,20591159,388,,,24112718,6
,,12492433,50,,,20613508,389,,,24230192,7
,,12527177,51,,,20652839,390,,,24312369,7
,,12546357,52,,,20670447,391,,,24353097,7
,,12575068,53,,,20688275,392,,,24431760,7
,,12604623,54,,,20707161,393,,,24453407,7
,,12630102,55,,,20808630,394,,,24485905,7
,,12656008,56,,,20825308,395,,,24535423,7
,,12673028,57,,,20844101,396,,,24636563,7
,,12695179,58,,,20891703,397,,,24693505,7
,,12711594,59,,,20959226,398,,,24795464,8
,,12758871,60,,,21013584,399,,,24812230,8
,,12802831,61,,,21054393,400,,,24859844,8
,,12846747,62,,,21109314,401,,,24965187,9
,,12881708,63,,,21131697,402,,,24987624,9
,,12915546,64,,,21159369,403,,,25009411,9
,,12935232,65,,,21190727,404,,,25057407,9
,,12977922,66,,,21244666,405,,,25128314,9
,,13006157,67,,,21297549,406,,,25151078,9
,,13113879,68,,,21318171,407,,,25206461,9
,,13138881,69,,,21338924,408,,,25233446,9
,,13179512,70,,,21369136,409,,,25310901,9
,,13196795,71,,,21396337,410,,,25412650,10
,,13237840,0,,,21420188,411,,,25473482,10
,,13247569,0,,,21441665,412,,,25592930,11
,,13258810,0,,,21512633,413,,,25612234,11
,,13271397,0,,,21529377,414,,,25718919,12
,,13284975,0,,,21652806,415,,,25850227,13
,,13299339,0,,,21678982,416,,,25930393,7
,,13314259,0,,,21726952,417,,,25949720,7
,,13329690,0,,,21856844,418,,,26061393,8
,,13345460,0,,,21884207,419,,,26164922,2
,,13361450,0,,,21950971,420,,,26180482,2
,,13377587,0,,,22049133,421,,,26196719,2
,,13394067,0,,,22119494,422,,,26213867,2
,,13410509,0,,,22142551,423,,,26231107,2
,,13426856,0,,,22213924,424,,,26252442,2
,,13445020,0,,,22234079,425,,,26271869,2
,,13461739,0,,,22261547,426,,,26288727,2
,,13480424,0,,,22291020,427,,,26310816,2
,,13496913,0,,,22370508,428,,,26414618,2
,,13517206,1,,,22410345,429,,,26445508,2
,,13599564,2,,,22501956,430,,,26532616,3
,,13630395,3,,,22665137,431,,,26604269,3
,,13672557,4,,,22695220,432,,,26667095,3
,,13717605,5,,,22779204,433,,,26697202,2
,,13737717,6,,,22803731,434,,,26731487,2
,,13770448,7,,,22868384,435,,,26843982,3
,,13790297,8,,,22969490,436,,,26893769,3
,,13845705,9,,,23014152,437,,,26934411,3
,,13879583,10,,,23054554,438,,,26981076,1
,,13898533,11,,,23074998,439,,,26996683,1
,,13927582,12,,,23144537,440,,,27012927,1
,,13955514,13,,,23227221,441,,,27029249,1
,,13982787,14,,,23246590,442,,,27046083,1
,,14031987,15,,,23296397,443,,,27063962,1
,,14062904,16,,,23316135,444,,,27093607,1
,,14080265,17,,,23406486,445,,,27145977,1
,,14101071,18,,,23454606,446,,,27183713,1
,,14117626,19,,,23472439,447,,,27247902,2
,,14147892,20,,,23534246,448,,,27282440,2
,,14180683,21,,,23580387,449,,,27308064,2
,,14199671,22,,,23603685,450,,,27440658,3
,,14230461,23,,,23684378,451,,,27559092,3
,,14272074,24,,,23725491,452,,,27578608,3
,,14310084,25,,,23759379,453,,,27622135,3
,,14339459,26,,,23778633,454,,,27649378,3
,,14360458,27,,,23800164,455,,,27728965,3
,,14383660,28,,,23852091,456,,,27819636,4
,,14405763,29,,,23899147,457,,,27840541,4
,,14423548,30,,,23936458,458,,,27857135,4
,,14445203,31,,,23963353,459,,,27909679,4
,,14504253,32,,,23981053,460,,,28020495,5
,,14572818,33,,,24005938,461,,,28118817,6
,,14642443,34,,,24065543,462,,,28220655,7
,,14706849,35,,,24081939,463,,,28319366,8
,,14729045,36,,,24148090,464,,,28449398,9
,,14754806,37,,,24168213,465,,,28554578,10
,,14781016,38,,,24202328,465,,,28671996,11
,,14815789,39,,,24229157,466,,,28729221,11
,,14845964,40,,,24339858,467,,,28813538,11
,,14868566,41,,,24367809,468,,,28931718,12
,,14922109,42,,,24436724,469,,,28982904,12
,,15008975,43,,,24519340,470,,,29012227,12
,,15043494,44,,,24538633,471,,,29084929,12
,,15077242,45,,,24560415,472,,,29190210,12
,,15116204,46,,,24611625,473,,,29215855,12
,,15139462,47,,,24633668,474,,,29250021,12
,,15162457,48,,,24691648,475,,,29296445,12
,,15194034,49,,,24720425,476,,,29322786,12
,,15224503,50,,,24738946,477,,,29451526,13
,,15243294,51,,,24756285,478,,,29469451,6
,,15262529,52,,,24794708,479,,,29491350,6
,,15322529,53,,,24880744,480,,,29568889,6
,,15376069,54,,,24945985,481,,,29622725,6
,,15415212,55,,,24999009,482,,,29726303,7
,,15440767,56,,,25065961,483,,,29766229,3
,,15460991,57,,,25144752,484,,,29781820,3
,,15480646,58,,,25186159,485,,,29798106,3
,,15505236,59,,,25206020,486,,,29814640,3
,,15553376,60,,,25234679,487,,,29834666,3
,,15594541,61,,,25256975,488,,,29857132,3
,,15612188,62,,,25317966,489,,,29887383,3
,,15647490,63,,,25391889,490,,,29977043,4
,,15664461,64,,,25465176,491,,,30003573,4
,,15680976,65,,,25575585,492,,,30050085,4
,,15699043,66,,,25609212,493,,,30075396,4
,,15721537,67,,,25636433,494,,,30178766,5
,,15749829,68,,,25657621,495,,,30258957,5
,,15773481,69,,,25678503,496,,,30291550,5
,,15809216,70,,,25714483,497,,,30315270,5
,,15839770,71,,,25752690,498,,,30422569,3
,,15884018,0,,,25806558,499,,,30552185,4
,,15893506,0,,,25916780,500,,,30628945,2
,,15904513,0,,,25989024,0,,,30644488,2
,,15916881,0,,,25998524,0,,,30660639,2
,,15930177,0,,,26009115,0,,,30676998,2
,,15944438,0,,,26020657,0,,,30696437,2
,,15959350,0,,,26033026,0,,,30713375,2
,,15974647,0,,,26046112,0,,,30739364,2
,,15990290,0,,,26059869,0,,,30829468,2
,,16006224,0,,,26074167,0,,,30946465,2
,,16022351,0,,,26088931,0,,,30989905,2
,,16038759,0,,,26103981,0,,,31090506,3
,,16055261,0,,,26119325,0,,,31124992,3
,,16071778,0,,,26134964,0,,,31224971,4
,,16088156,0,,,26150780,0,,,31323416,5
,,16104544,0,,,26166835,0,,,31344705,5
,,16122311,0,,,26183056,0,,,31388629,5
,,16139192,1,,,26199324,0,,,31450895,5
,,16160636,1,,,26215627,0,,,31474476,5
,,16177781,2,,,26231905,0,,,31567328,5
,,16204723,2,,,26248774,0,,,31584483,5
,,16222576,2,,,26265188,0,,,31656240,5
,,16243535,3,,,26282402,0,,,31684704,5
,,16279003,4,,,26298858,0,,,31706518,5
,,16316558,5,,,26315812,0,,,31754510,5
,,16349345,6,,,26333837,0,,,31839712,5
,,16368495,7,,,26352080,0,,,31863131,5
,,16415123,8,,,26369766,0,,,31948726,6
,,16447265,9,,,26388043,0,,,32050751,7
,,16474996,10,,,26407410,1,,,32074627,7
,,16508935,11,,,26431472,2,,,32124634,7
,,16534745,12,,,26452732,2,,,32146051,7
,,16557421,13,,,26471276,2,,,32210294,7
,,16604245,14,,,26521993,3,,,32237892,7
,,16620720,15,,,26560631,4,,,32359784,8
,,16642052,16,,,26586135,5,,,32406200,8
,,16663800,17,,,26713236,6,,,32435782,8
,,16684437,18,,,26732449,7,,,32452585,8
,,16702345,19,,,26921580,8,,,32531308,9
,,16729772,20,,,26955364,9,,,32628603,10
,,16756121,21,,,27038204,10,,,32663867,10
,,16815600,22,,,27074482,11,,,32758902,10
,,16841954,23,,,27090964,12,,,32778922,10
,,16860986,24,,,27153351,13,,,32830590,10
,,16884684,25,,,27182380,14,,,32931190,8
,,16917535,26,,,27199173,15,,,32983736,8
,,16946555,27,,,27215813,16,,,33003283,8
,,17005203,28,,,27248543,17,,,33114737,9
,,17119311,29,,,27302244,18,,,33144544,4
,,17143842,30,,,27365428,19,,,33160107,4
,,17165481,31,,,27387929,20,,,33176273,4
,,17183195,32,,,27433711,21,,,33192987,4
,,17206270,33,,,27477529,22,,,33221542,4
,,17225188,34,,,27545927,23,,,33253887,4
,,17266562,35,,,27611091,24,,,33308160,5
,,17348247,36,,,27636979,25,,,33338241,6
,,17408977,37,,,27668891,26,,,33355683,6
,,17448590,38,,,27702899,27,,,33396672,6
,,17470462,39,,,27755307,28,,,33507567,7
,,17495087,40,,,27772100,29,,,33614520,4
,,17514783,41,,,27811091,30,,,33687865,4
,,17534311,42,,,27851672,31,,,33808220,5
,,17553897,43,,,27930545,32,,,33825606,1
,,17571086,44,,,27955398,33,,,33841310,1
,,17593353,45,,,28065072,34,,,33857580,1
,,17657326,46,,,28147229,35,,,33874898,1
,,17675510,47,,,28165851,36,,,33892482,1
,,17697611,48,,,28192011,37,,,33913888,1
,,17722026,49,,,28216962,38,,,33947420,1
,,17763253,50,,,28282135,39,,,34029820,1
,,17795340,51,,,28315521,40,,,34126853,1
,,17813636,52,,,28342093,41,,,34238611,2
,,17834437,53,,,28361109,42,,,34286600,2
,,17880087,54,,,28511782,43,,,34311695,2
,,17901140,55,,,28547494,44,,,34372954,2
,,17933946,56,,,28565745,45,,,34429934,2
,,17966147,57,,,28674423,46,,,34536195,2
,,17984103,58,,,28707648,47,,,34570907,2
,,18003273,59,,,28742842,48,,,34593639,2
,,18045956,60,,,28762267,49,,,34648920,2
,,18122987,61,,,28791559,50,,,34725674,2
,,18141563,62,,,28828484,51,,,34858322,3
,,18158186,63,,,28851432,52,,,34888612,3
,,18204388,64,,,28962344,53,,,34992682,3
,,18223389,65,,,29026946,54,,,35026839,3
,,18248643,66,,,29145796,55,,,35119414,4
,,18299035,67,,,29178933,56,,,35158640,4
,,18362093,68,,,29285341,57,,,35182170,4
,,18380407,69,,,29314259,58,,,35236479,4
,,18403540,70,,,29331266,59,,,35277837,4
,,18448975,71,,,29441857,60,,,35377617,5
,,18481556,72,,,29504902,61,,,35398500,5
,,18531450,0,,,29560500,62,,,35448879,5
,,18541050,0,,,29605123,63,,,35550116,6
,,18551916,0,,,29666423,64,,,35635667,6
,,18564250,0,,,29775141,65,,,35672680,6
,,18577595,0,,,29803708,66,,,35741631,6
,,18591859,0,,,29823369,67,,,35767831,6
,,18606750,0,,,29851805,68,,,35804214,6
,,18622104,0,,,29881323,69,,,35897597,6
,,18637797,0,,,29935124,70,,,35952087,6
,,18653764,0,,,30008062,71,,,35978290,6
,,18669887,0,,,30039714,72,,,35999265,6
,,18686191,0,,,30076731,73,,,36020076,6
,,18702551,0,,,30162152,74,,,36049817,6
,,18719400,0,,,30230579,75,,,36127496,6
,,18736107,0,,,30260614,76,,,36244265,7
,,18754588,0,,,30316510,77,,,36262828,7
,,18771497,0,,,30337243,78,,,36285239,7
,,18793048,0,,,30462645,79,,,36337464,5
,,18811045,0,,,30620415,80,,,36472740,6
,,18840733,1,,,30678126,81,,,36570442,7
,,18881063,2,,,30746244,82,,,36600517,4
,,18903126,3,,,30764283,83,,,36616132,4
,,18946817,4,,,30796657,84,,,36632313,4
,,18970310,5,,,30828412,85,,,36649005,4
,,19019056,6,,,30882634,86,,,36666490,4
,,19064293,7,,,30903367,87,,,36684612,4
,,19092364,8,,,30922197,88,,,36708122,4
,,19128343,9,,,30996290,89,,,36760989,4
,,19152601,10,,,31026742,90,,,36836980,4
,,19210990,11,,,31044258,91,,,36877243,4
,,19263812,12,,,31088761,92,,,36910643,4
,,19284657,13,,,31125863,93,,,36943716,4
,,19346935,14,,,31184806,94,,,37039823,5
,,19374573,15,,,31279358,95,,,37116132,5
,,19405878,16,,,31298425,96,,,37196268,3
,,19434929,17,,,31314845,97,,,37280130,4
,,19481323,18,,,31341899,98,,,37343590,4
,,19509184,19,,,31423113,99,,,37389058,4
,,19526148,20,,,31451493,100,,,37418434,4
,,19557559,21,,,31557053,101,,,37435670,2
,,19580983,22,,,31588036,102,,,37451551,2
,,19609888,23,,,31624257,103,,,37467811,2
,,19633003,24,,,31641942,104,,,37485130,2
,,19680991,25,,,31687521,105,,,37503416,2
,,19705426,26,,,31742017,106,,,37537327,2
,,19724075,27,,,31776037,106,,,37613250,3
,,19748114,28,,,31889139,107,,,37632610,3
,,19772006,29,,,31929298,108,,,37734390,3
,,19803726,30,,,31957351,109,,,37752914,3
,,19836159,31,,,32013016,110,,,37841752,3
,,19852827,32,,,32033605,111,,,37940151,3
,,19882106,33,,,32129353,112,,,38012398,3
,,19903013,34,,,32152618,113,,,38076506,3
,,19934947,35,,,32194157,114,,,38138446,3
,,19952604,36,,,32235811,115,,,38251969,4
,,20026571,37,,,32265045,116,,,38289566,4
,,20052370,38,,,32320931,116,,,38332729,4
,,20080937,39,,,32407095,117,,,38387189,4
,,20099693,40,,,32454594,118,,,38494671,5
,,20137668,41,,,32559351,119,,,38529763,5
,,20172054,42,,,32600790,120,,,38596373,6
,,20189590,43,,,32644588,121,,,38721633,7
,,20212031,44,,,32663623,122,,,38795722,7
,,20228823,45,,,32695191,123,,,38822468,7
,,20252223,46,,,32724341,124,,,38855209,7
,,20288052,47,,,32741049,125,,,38890852,7
,,20329609,48,,,32767234,126,,,38989531,8
,,20368549,49,,,32823953,127,,,39061604,8
,,20396930,50,,,32890599,128,,,39151442,9
,,20442466,51,,,32923018,129,,,39229989,10
,,20500909,52,,,32943743,130,,,39247852,10
,,20519014,53,,,32987606,131,,,39295385,10
,,20538387,54,,,33055857,132,,,39324755,10
,,20571110,55,,,33083320,133,,,39356779,10
,,20588936,56,,,33118183,134,,,39383695,10
,,20626033,57,,,33151472,135,,,39400716,10
,,20658523,58,,,33176008,136,,,39498188,8
,,20710430,59,,,33222334,137,,,39600100,9
,,20736773,60,,,33286791,138,,,39657346,9
,,20755368,61,,,33355036,139,,,39714528,5
,,20778054,62,,,33396333,140,,,39730104,5
,,20801558,63,,,33502495,141,,,39746313,5
,,20824256,64,,,33520048,142,,,39763472,5
,,20841848,65,,,33559835,143,,,39780945,5
,,20873742,66,,,33639745,144,,,39801610,5
,,20892157,67,,,33678199,145,,,39839747,5
,,20911032,68,,,33773195,146,,,39892502,5
,,20932079,69,,,33811819,147,,,39936943,5
,,20978875,70,,,33847946,148,,,39959325,5
,,21017049,71,,,33874808,149,,,40072413,6
,,21042960,72,,,34012025,150,,,40193316,6
,,21060357,73,,,34047872,151,,,40306256,7
,,21079836,74,,,34084855,152,,,40420647,8
,,21116166,75,,,34149317,153,,,40448058,8
,,21135106,76,,,34233104,154,,,40543494,8
,,21152153,77,,,34286602,155,,,40569628,8
,,21188167,0,,,34304695,156,,,40680998,9
,,21199032,0,,,34357818,157,,,40717894,5
,,21211206,0,,,34390687,158,,,40848520,6
,,21224478,0,,,34571816,159,,,40952173,7
,,21238692,0,,,34669229,160,,,40995269,3
,,21253542,0,,,34784879,161,,,41010842,3
,,21268893,0,,,34806560,162,,,41026974,3
,,21284581,0,,,34895304,163,,,41043349,3
,,21300525,0,,,34914420,164,,,41062631,3
,,21316652,0,,,34961054,165,,,41126630,3
,,21332908,0,,,34995040,166,,,41177904,4
,,21349568,0,,,35050643,167,,,41255603,5
,,21366181,0,,,35101981,168,,,41300140,5
,,21383242,1,,,35118367,169,,,41329936,5
,,21399875,1,,,35225100,170,,,41394856,5
,,21417261,1,,,35257285,171,,,41497659,5
,,21436859,2,,,35315039,172,,,41568520,5
,,21454443,3,,,35352673,173,,,41604854,5
,,21472848,3,,,35396117,174,,,41677340,5
,,21490266,4,,,35447389,175,,,41771026,6
,,21536701,5,,,35476912,176,,,41850222,6
,,21562390,6,,,35546284,177,,,41873718,6
,,21593429,7,,,35569641,178,,,41923203,6
,,21619592,8,,,35602605,179,,,41991322,6
,,21636894,9,,,35628424,180,,,42012722,6
,,21656628,10,,,35687683,181,,,42042707,6
,,21673015,11,,,35727381,182,,,42093746,6
,,21698515,12,,,35818632,183,,,42111006,6
,,21722632,13,,,35843406,184,,,42174999,6
,,21745939,14,,,35867692,185,,,42288261,7
,,21800701,15,,,35943274,186,,,42309550,7
,,21896796,16,,,36022160,187,,,42327860,7
,,21925320,17,,,36047779,188,,,42445121,8
,,21973508,18,,,36128362,189,,,42515399,8
,,22002512,19,,,36156410,190,,,42621194,9
,,22018991,20,,,36228345,191,,,42679983,9
,,22043227,21,,,36275986,192,,,42700683,9
,,22080123,22,,,36312011,193,,,42732078,9
,,22122573,23,,,36334924,194,,,42860953,10
,,22140978,24,,,36379885,195,,,42916359,10
,,22159936,25,,,36408014,196,,,42971945,10
,,22204953,26,,,36435772,197,,,42992690,10
,,22225457,27,,,36454806,198,,,43010229,10
,,22253162,28,,,36519738,199,,,43047125,10
,,22298852,29,,,36537109,200,,,43142686,10
,,22316884,30,,,36664343,201,,,43188576,10
,,22380838,31,,,36686544,202,,,43237559,10
,,22398892,32,,,36709377,203,,,43293869,10
,,22423338,33,,,36825195,204,,,43320626,4
,,22455542,34,,,36969389,205,,,43444872,5
,,22497196,35,,,36989355,206,,,43485715,5
,,22524871,36,,,37056715,207,,,43601321,6
,,22552256,37,,,37168081,208,,,43618330,3
,,22606042,38,,,37195356,209,,,43634293,3
,,22632849,39,,,37261563,210,,,43650795,3
,,22675693,40,,,37278743,211,,,43670112,3
,,22746221,41,,,37303315,212,,,43731137,3
,,22796147,42,,,37320720,213,,,43831683,3
,,22845744,43,,,37354188,214,,,43868742,3
,,22865019,44,,,37386651,215,,,43888152,3
,,22893955,45,,,37432215,216,,,43935910,3
,,22924636,46,,,37504543,217,,,43962156,3
,,23016357,47,,,37551112,218,,,43979225,3
,,23041009,48,,,37604376,219,,,44046463,3
,,23071591,49,,,37649114,220,,,44115644,3
,,23101391,50,,,37677093,221,,,44137084,3
,,23134086,51,,,37695927,222,,,44212552,3
,,23160015,52,,,37769918,223,,,44302825,3
,,23181672,53,,,37802690,224,,,44342390,3
,,23208429,54,,,37828066,225,,,44366226,2
,,23232008,55,,,37885832,226,,,44482114,3
,,23252894,56,,,37978980,227,,,44589044,4
,,23284386,57,,,38040871,228,,,44657554,3
,,23320863,58,,,38074173,229,,,44673119,3
,,23362187,59,,,38103594,230,,,44689229,3
,,23378819,60,,,38159424,231,,,44706257,3
,,23404050,61,,,38181643,232,,,44723393,3
,,23428438,62,,,38213335,233,,,44766158,3
,,23458820,63,,,38245743,234,,,44821816,4
,,23481405,64,,,38267117,235,,,44841336,4
,,23532593,65,,,38304629,236,,,44876528,4
,,23565663,66,,,38355666,237,,,44938858,4
,,23597248,67,,,38372649,238,,,44956128,4
,,23640976,68,,,38516649,239,,,45042592,5
,,23682512,69,,,38559233,240,,,45104615,5
,,23709661,70,,,38612601,241,,,45143914,5
,,23781306,71,,,38641259,242,,,45232134,6
,,23826254,0,,,38712575,243,,,45360002,7
,,23835845,0,,,38737542,244,,,45484296,8
,,23846915,0,,,38811339,245,,,45566797,8
,,23859177,0,,,38890437,246,,,45597943,8
,,23872582,0,,,38969571,247,,,45620177,8
,,23886794,0,,,39096328,248,,,45655912,8
,,23901685,0,,,39137738,249,,,45771511,9
,,23917077,0,,,39154533,250,,,45817844,9
,,23932854,0,,,39202582,251,,,45928788,10
,,23948866,0,,,39245578,252,,,46032809,11
,,23965034,0,,,39274500,253,,,46106118,11
,,23981342,0,,,39354340,254,,,46127759,11
,,23997637,0,,,39424270,255,,,46144614,11
,,24014297,0,,,39443248,256,,,46204213,11
,,24031983,0,,,39460084,257,,,46264664,11
,,24050803,0,,,39497423,258,,,46368872,12
,,24068799,0,,,39559648,259,,,46431004,12
,,24089654,0,,,39585614,260,,,46463826,12
,,24110251,1,,,39604055,261,,,46572577,13
,,24152909,2,,,39620702,262,,,46589189,6
,,24187057,3,,,39663617,263,,,46665173,6
,,24216952,4,,,39696767,264,,,46685078,6
,,24240879,5,,,39714303,265,,,46725942,6
,,24277351,6,,,39838205,266,,,46847739,7
,,24319172,7,,,39893818,267,,,46887274,3
,,24389124,8,,,39936010,268,,,46902864,3
,,24412260,9,,,39961265,269,,,46919130,3
,,24440616,10,,,39977937,270,,,46935651,3
,,24462243,11,,,40002717,271,,,46952231,3
,,24484074,12,,,40098478,272,,,46987498,3
,,24512516,13,,,40159058,273,,,47018006,3
,,24593553,14,,,40202483,274,,,47044722,3
,,24648786,15,,,40220606,275,,,47120692,4
,,24665225,16,,,40265308,276,,,47224571,4
,,24685284,17,,,40329014,277,,,47246017,4
,,24706585,18,,,40352949,278,,,47314681,4
,,24771146,19,,,40441294,279,,,47433171,4
,,24793602,20,,,40461295,280,,,47523672,5
,,24848353,21,,,40503125,281,,,47649908,6
,,24889119,22,,,40554069,282,,,47675781,6
,,24954383,23,,,40585973,283,,,47775850,6
,,25024795,24,,,40618784,284,,,47838551,6
,,25048108,25,,,40671789,285,,,47957804,7
,,25068052,26,,,40716315,286,,,47995443,7
,,25121573,27,,,40740248,287,,,48022502,7
,,25142028,28,,,40765344,288,,,48049208,7
,,25183900,29,,,40811372,289,,,48114462,7
,,25271963,30,,,40887958,290,,,48219426,7
,,25289870,31,,,40925018,291,,,48335393,7
,,25310546,32,,,40966223,292,,,48393158,7
,,25327444,33,,,40985892,293,,,48469824,5
,,25359382,34,,,41008906,294,,,48552347,5
,,25385146,35,,,41038494,295,,,48692043,6
,,25413436,36,,,41251248,296,,,48709463,4
,,25456776,37,,,41303940,297,,,48725141,4
,,25494874,38,,,41332502,298,,,48741465,4
,,25521678,39,,,41358502,299,,,48758460,4
,,25545983,40,,,41377684,300,,,48775088,4
,,25565773,41,,,41397147,301,,,48792479,4
,,25591282,42,,,41437533,302,,,48831638,4
,,25618431,43,,,41473912,303,,,48889311,5
,,25639129,44,,,41525936,304,,,48944356,6
,,25658658,45,,,41550316,305,,,48971723,6
,,25687040,46,,,41577891,306,,,48999153,6
,,25707198,47,,,41622087,307,,,49028320,6
,,25764175,48,,,41702372,308,,,49053550,6
,,25784614,49,,,41720349,309,,,49073557,6
,,25824841,50,,,41760228,310,,,49090318,6
,,25858146,51,,,41778310,311,,,49118010,6
,,25919454,52,,,41828128,312,,,49209100,6
,,25952116,53,,,41894635,313,,,49290051,6
,,25975277,54,,,41946377,314,,,49347794,6
,,26010275,55,,,41971619,315,,,49368418,6
,,26076585,56,,,41994106,316,,,49452891,6
,,26113948,57,,,42023941,317,,,49479805,6
,,26136445,58,,,42108541,318,,,49576313,6
,,26155008,59,,,42172041,319,,,49638055,6
,,26176027,60,,,42193918,320,,,49761228,7
,,26243398,61,,,42257731,321,,,49791093,7
,,26259823,62,,,42299468,322,,,49881315,8
,,26295983,63,,,42361160,323,,,49951338,6
,,26342362,64,,,42381209,324,,,49985854,6
,,26371939,65,,,42418372,325,,,50101856,6
,,26408407,66,,,42467768,326,,,50195645,1
,,26429415,67,,,42519869,327,,,50211202,1
,,26447655,68,,,42575101,328,,,50227337,1
,,26483195,0,,,42597557,329,,,50244069,1
,,26494295,0,,,42618482,330,,,50260832,1
,,26506617,0,,,42644833,331,,,50286407,1
,,26519920,0,,,42710506,332,,,50315040,1
,,26534132,0,,,42737056,333,,,50424556,2
,,26549007,0,,,42758168,334,,,50519400,2
,,26564303,0,,,42787559,335,,,50615719,3
,,26580011,0,,,42824189,336,,,50648709,3
,,26595959,0,,,42863413,337,,,50682871,3
,,26612116,0,,,42884337,338,,,50732074,3
,,26628363,0,,,42907591,339,,,50897812,4
,,26645243,0,,,42984689,340,,,50964587,4
,,26662985,0,,,43041384,341,,,51048714,5
,,26679404,0,,,43145370,342,,,51154584,6
,,26695911,0,,,43192202,343,,,51219341,6
,,26714501,0,,,43214420,344,,,51248071,6
,,26733188,1,,,43231562,345,,,51271176,6
,,26751178,2,,,43251962,346,,,51391978,6
,,26771154,3,,,43321507,347,,,51504051,7
,,26844201,4,,,43361733,348,,,51582644,7
,,26862185,5,,,43396369,349,,,51697306,8
,,26905230,6,,,43455038,350,,,51788329,8
,,26924896,7,,,43560141,351,,,51880342,9
,,26949166,8,,,43614942,352,,,52004461,9
,,26965562,9,,,43638996,353,,,52079068,9
,,27010571,10,,,43663266,354,,,52175196,10
,,27034394,11,,,43776581,355,,,52269436,11
,,27060023,12,,,43816622,356,,,52386164,12
,,27115896,13,,,43846173,357,,,52485730,13
,,27133626,14,,,43916343,358,,,52518845,9
,,27187292,15,,,43934360,359,,,52564483,9
,,27213268,16,,,43973773,360,,,52584702,9
,,27247440,17,,,44019757,361,,,52621156,9
,,27288759,18,,,44078457,362,,,52684867,9
,,27310315,19,,,44126058,363,,,52720130,9
,,27346483,20,,,44171726,364,,,52800989,4
,,27363296,21,,,44198681,365,,,52816532,4
,,27398117,22,,,44226740,366,,,52832682,4
,,27419637,23,,,44272449,367,,,52849025,4
,,27460998,24,,,44305271,368,,,52867361,4
,,27480112,25,,,44362377,369,,,52917129,4
,,27498509,26,,,44407841,370,,,52967975,4
,,27515809,27,,,44480658,371,,,53023135,4
,,27533830,28,,,44529528,372,,,53076231,5
,,27595400,29,,,44584503,373,,,53093396,5
,,27628987,30,,,44611014,374,,,53136031,5
,,27686769,31,,,44654955,375,,,53163809,5
,,27705244,32,,,44763811,376,,,53291799,6
,,27730138,33,,,44802259,377,,,53379084,7
,,27748448,34,,,44823560,378,,,53441190,7
,,27786507,35,,,44858132,379,,,53517293,7
,,27807100,36,,,44894567,380,,,53577766,7
,,27848020,37,,,44934632,381,,,53686075,8
,,27867104,38,,,44972455,382,,,53744552,8
,,27886192,39,,,45038160,383,,,53765696,8
,,27917391,40,,,45056182,384,,,53794887,8
,,27934554,41,,,45131877,385,,,53903512,9
,,27952906,42,,,45160496,386,,,54002552,10
,,27988635,43,,,45183203,387,,,54052504,10
,,28012349,44,,,45216387,388,,,54103092,7
,,28037591,45,,,45244251,389,,,54125539,7
,,28103496,46,,,45277498,390,,,54230946,8
,,28124357,47,,,45305250,391,,,54274385,8
,,28182928,48,,,45381644,392,,,54299252,8
,,28200471,49,,,45417089,393,,,54348898,8
,,28242742,50,,,45460568,394,,,54366480,3
,,28262462,51,,,45509950,395,,,54382028,3
,,28318532,52,,,45553621,396,,,54398249,3
,,28365276,53,,,45577986,397,,,54415315,3
,,28402598,54,,,45691035,398,,,54431922,3
,,28449220,55,,,45727982,399,,,54450722,3
,,28481029,56,,,45764680,400,,,54483809,3
,,28499921,57,,,45800345,401,,,54531748,3
,,28520215,58,,,45835205,402,,,54559174,3
,,28558727,59,,,45859517,403,,,54585975,3
,,28596953,60,,,46019012,404,,,54605821,3
,,28614632,61,,,46054938,405,,,54628596,3
,,28639250,62,,,46088745,406,,,54676659,3
,,28660028,63,,,46132919,407,,,54724815,4
,,28710274,64,,,46200509,408,,,54856743,5
,,28759218,65,,,46253838,409,,,54897164,5
,,28775610,66,,,46275998,410,,,54986196,5
,,28805565,67,,,46310114,411,,,55060873,5
,,28858510,68,,,46349561,412,,,55119075,5
,,28876427,69,,,46407415,413,,,55157789,5
,,28912486,70,,,46450375,414,,,55210002,5
,,28952568,71,,,46478850,415,,,55312420,5
,,28983776,72,,,46500267,416,,,55346879,5
,,29010323,73,,,46530621,417,,,55372684,5
,,29057773,74,,,46564911,418,,,55407701,5
,,29081931,75,,,46598457,419,,,55498009,5
,,29122894,0,,,46621072,420,,,55600032,5
,,29132645,0,,,46651108,421,,,55669071,4
,,29143905,0,,,46701102,422,,,55755485,4
,,29156442,0,,,46742745,423,,,55865844,5
,,29170007,0,,,46801930,424,,,55914275,3
,,29184395,0,,,46838859,425,,,55929867,3
,,29199382,0,,,46859968,426,,,55946011,3
,,29214810,0,,,46914101,427,,,55962385,3
,,29230595,0,,,46983796,428,,,55985315,3
,,29246597,0,,,47014690,429,,,56027895,3
,,29262746,0,,,47031297,430,,,56085551,3
,,29278973,0,,,47134738,431,,,56131308,3
,,29295967,0,,,47176395,432,,,56152361,3
,,29312704,0,,,47241165,433,,,56190014,3
,,29329868,0,,,47422265,434,,,56304647,4
,,29346750,0,,,47477262,435,,,56414409,5
,,29363850,0,,,47496690,436,,,56477416,5
,,29386654,1,,,47513762,437,,,56500315,5
,,29403685,1,,,47552571,438,,,56527201,5
,,29421150,2,,,47572853,439,,,56617528,5
,,29440657,3,,,47606251,440,,,56655695,5
,,29463269,4,,,47624304,441,,,56696800,5
,,29485968,5,,,47646790,442,,,56752641,5
,,29513622,6,,,47749506,443,,,56772813,5
,,29530467,7,,,47862664,444,,,56833121,5
,,29585080,8,,,47923273,445,,,56893070,5
,,29621369,9,,,47944100,446,,,56999276,6
,,29674777,10,,,47993322,447,,,57043453,6
,,29695603,11,,,48062282,448,,,57162262,7
,,29713045,12,,,48095041,449,,,57185248,7
,,29752716,13,,,48116468,450,,,57289694,8
,,29770147,14,,,48178721,451,,,57389747,8
,,29791463,15,,,48236486,452,,,57420679,8
,,29813929,16,,,48257025,453,,,57455886,8
,,29847105,17,,,48283992,454,,,57560091,3
,,29869913,18,,,48358356,455,,,57583256,3
,,29894039,19,,,48398637,456,,,57668395,4
,,29932652,20,,,48451169,457,,,57730205,4
,,29959257,21,,,48553332,458,,,57770517,1
,,29987929,22,,,48585873,459,,,57786255,1
,,30030733,23,,,48634575,460,,,57802457,1
,,30056082,24,,,48664527,461,,,57818848,1
,,30081262,25,,,48745425,462,,,57835555,1
,,30100976,26,,,48764839,463,,,57915578,1
,,30124658,27,,,48829004,464,,,57949846,1
,,30162933,28,,,48988925,465,,,58078034,2
,,30185414,29,,,49005559,466,,,58103124,2
,,30229796,30,,,49024848,467,,,58128293,2
,,30251869,31,,,49100956,468,,,58223752,3
,,30273230,32,,,49150366,469,,,58246496,3
,,30296738,33,,,49175263,470,,,58355779,3
,,30326932,34,,,49243299,471,,,58421745,3
,,30403793,35,,,49318918,472,,,58517781,4
,,30450440,36,,,49347596,473,,,58611974,5
,,30467040,37,,,49405369,474,,,58631396,5
,,30512309,38,,,49460371,475,,,58651036,5
,,30540428,39,,,49483210,476,,,58669458,5
,,30578610,40,,,49514217,477,,,58761886,5
,,30602089,41,,,49538750,478,,,58871128,5
,,30623907,42,,,49555841,479,,,58979110,1
,,30642450,43,,,49618258,480,,,59082030,2
,,30680576,44,,,49667541,481,,,59184793,1
,,30705795,45,,,49715127,482,,,59200308,1
,,30724877,46,,,49771155,483,,,59217278,1
,,30751986,47,,,49796555,484,,,59233715,1
,,30781103,48,,,49831667,485,,,59252873,1
,,30847176,49,,,49876262,486,,,59278968,1
,,30866107,50,,,49909333,487,,,59302445,1
,,30895743,51,,,49942207,488,,,59386884,1
,,30980604,52,,,49974016,489,,,59412521,2
,,31038702,53,,,50010363,490,,,59454981,2
,,31055918,54,,,50031897,491,,,59510518,2
,,31098455,55,,,50062574,492,,,59560000,2
,,31118345,56,,,50100506,493,,,59635513,2
,,31143525,57,,,50119023,494,,,59711936,2
,,31160298,58,,,50172251,495,,,59743002,2
,,31180237,59,,,50218814,496,,,59842485,2
,,31211591,60,,,50238219,497,,,59874647,2
,,31262371,61,,,50276879,498,,,59999992,3
,,31281441,62,,,50337270,499,,,60087372,3
,,31313066,63,,,50354103,500,,,60209577,4
,,31343924,64,,,50392038,501,,,60312053,5
,,31365564,65,,,50582772,502,,,60377489,5
,,31395641,66,,,50620749,503,,,60396445,5
,,31413394,67,,,50652118,504,,,60430483,5
,,31433232,68,,,50689428,505,,,60545658,5
,,31467229,69,,,50711422,506,,,60668222,5
,,31497699,70,,,50844299,507,,,60760076,6
,,31562653,71,,,50887313,508,,,60844365,6
,,31609946,72,,,51004609,509,,,60938138,6
,,31642125,73,,,51034624,510,,,60965455,6
,,31691758,74,,,51076165,511,,,61016791,6
,,31708513,75,,,51111501,512,,,61042064,6
,,31725198,76,,,51279533,513,,,61134943,6
,,31768623,0,,,51300038,514,,,61157249,6
,,31778148,0,,,51378178,515,,,61175353,6
,,31789149,0,,,51401090,516,,,61248970,6
,,31801429,0,,,51419022,517,,,61325804,6
,,31814797,0,,,51441323,518,,,61420250,7
,,31828988,0,,,51466119,519,,,61493603,7
,,31843923,0,,,51483359,520,,,61511661,7
,,31859295,0,,,51525208,521,,,61566313,7
,,31875044,0,,,51549153,522,,,61692052,8
,,31891006,0,,,51565752,523,,,61735396,8
,,31907150,0,,,51602310,524,,,61796028,4
,,31923443,0,,,51641545,525,,,61834077,4
,,31939800,0,,,51681051,526,,,61923096,4
,,31956361,0,,,51787859,527,,,62025695,4
,,31972829,0,,,51848711,528,,,62047701,1
,,31989758,0,,,51893007,529,,,62063225,1
,,32006792,0,,,51922114,530,,,62079462,1
,,32026449,0,,,51943546,531,,,62096734,1
,,32051545,0,,,52022475,532,,,62115852,1
,,32075579,1,,,52039530,533,,,62207892,2
,,32095354,2,,,52069318,534,,,62269557,2
,,32117906,3,,,52151424,535,,,62304230,2
,,32140281,4,,,52203678,0,,,62400565,3
,,32188974,5,,,52213315,0,,,62490607,3
,,32224796,6,,,52223931,0,,,62507620,3
,,32243952,7,,,52235622,0,,,62551383,3
,,32285428,8,,,52248108,0,,,62620601,3
,,32351032,9,,,52261406,0,,,62692166,1
,,32392363,10,,,52275220,0,,,62784803,2
,,32415143,11,,,52289542,0,,,62888942,2
,,32436595,12,,,52304315,0,,,62934519,1
,,32484245,13,,,52319451,0,,,62950095,1
,,32517033,14,,,52334833,0,,,62966418,1
,,32551209,15,,,52350500,0,,,62983426,1
,,32580474,16,,,52366328,0,,,62999820,1
,,32600086,17,,,52382376,0,,,63017154,1
,,32621789,18,,,52398632,0,,,63036277,1
,,32639876,19,,,52414947,0,,,63144858,2
,,32680489,20,,,52431177,0,,,63219345,2
,,32704839,21,,,52447411,0,,,63285998,2
,,32722347,22,,,52463888,0,,,63306548,2
,,32812200,23,,,52480701,0,,,63327949,2
,,32830933,24,,,52497456,0,,,63385567,2
,,32887109,25,,,52514451,0,,,63506949,2
,,32905485,26,,,52531515,0,,,63564304,2
,,32934206,27,,,52548720,0,,,63673944,2
,,32954624,28,,,52565436,0,,,63753453,2
,,32986012,29,,,52581868,0,,,63858183,3
,,33042476,30,,,52602825,0,,,63969509,4
,,33061628,31,,,52622060,1,,,64082340,5
,,33088208,32,,,52641417,1,,,64158383,5
,,33106473,33,,,52664802,2,,,64277175,6
,,33131915,34,,,52700251,2,,,64323232,6
,,33149144,35,,,52729244,2,,,64370671,6
,,33165704,36,,,52780728,3,,,64401449,6
,,33218984,37,,,52873586,4,,,64520674,7
,,33324063,38,,,52905967,5,,,64541852,7
,,33393388,39,,,52925338,6,,,64571249,7
,,33434426,40,,,53002133,7,,,64592297,7
,,33464450,41,,,53037857,8,,,64659592,7
,,33523951,42,,,53068348,9,,,64677571,7
,,33543904,43,,,53091725,10,,,64798483,7
,,33566235,44,,,53135106,11,,,64825811,7
,,33605843,45,,,53171658,12,,,64867037,7
,,33659495,46,,,53227617,13,,,64884482,7
,,33700299,47,,,53318189,14,,,64911218,7
,,33737014,48,,,53339485,15,,,64929970,7
,,33759691,49,,,53399930,16,,,64963278,7
,,33786051,50,,,53420234,17,,,65034128,7
,,33809944,51,,,53532986,18,,,65064268,7
,,33840726,52,,,53634840,19,,,65102316,7
,,33935264,53,,,53660078,20,,,65119184,7
,,33952943,54,,,53737093,21,,,65170840,4
,,33985903,55,,,53766471,22,,,65286501,4
,,34041158,56,,,53826520,23,,,65314993,4
,,34061255,57,,,53877636,24,,,65415181,5
,,34082678,58,,,53945355,25,,,65434383,3
,,34117605,59,,,53975772,26,,,65450013,3
,,34140387,60,,,53992164,27,,,65466271,3
,,34185486,61,,,54053623,28,,,65482804,3
,,34203121,62,,,54074478,29,,,65499402,3
,,34246784,63,,,54148848,30,,,65527735,3
,,34279953,64,,,54219199,31,,,65564506,3
,,34304412,65,,,54241833,32,,,65599146,3
,,34338767,66,,,54263255,33,,,65627263,3
,,34384124,67,,,54353115,34,,,65645815,3
,,34422067,0,,,54374995,35,,,65668972,3
,,34432718,0,,,54569440,36,,,65748049,4
,,34444484,0,,,54595491,37,,,65766377,4
,,34457459,0,,,54642474,38,,,65847023,5
,,34471409,0,,,54664819,39,,,65885549,6
,,34486017,0,,,54698577,40,,,65926705,6
,,34501226,0,,,54731500,41,,,65979873,6
,,34516819,0,,,54771044,42,,,66084009,7
,,34532673,0,,,54863691,43,,,66136386,7
,,34548952,0,,,54906171,44,,,66211301,6
,,34565125,0,,,54927106,45,,,66330351,7
,,34581493,1,,,54978986,46,,,66375544,7
,,34597967,1,,,55016645,47,,,66452461,3
,,34614315,1,,,55035565,48,,,66468039,3
,,34632092,1,,,55063918,49,,,66484239,3
,,34649914,1,,,55093558,50,,,66500683,3
,,34669606,1,,,55112533,51,,,66520941,3
,,34692525,2,,,55193910,52,,,66542043,3
,,34714911,2,,,55311462,53,,,66616779,3
,,34734807,2,,,55364838,54,,,66659255,4
,,34755747,3,,,55386687,55,,,66724918,4
,,34776695,4,,,55425113,56,,,66748155,5
,,34813912,5,,,55462114,57,,,66768730,5
,,34834768,6,,,55543153,58,,,66840831,5
,,34880433,7,,,55561573,59,,,66886857,5
,,34898503,8,,,55589417,60,,,67011289,6
,,34935604,9,,,55609797,61,,,67091553,6
,,34960046,10,,,55634128,62,,,67150425,6
,,34993609,11,,,55656003,63,,,67166899,6
,,35017191,12,,,55684044,64,,,67291548,7
,,35064807,13,,,55719003,65,,,67383306,7
,,35091241,14,,,55761048,66,,,67463453,7
,,35107967,15,,,55783783,67,,,67484373,7
,,35129128,16,,,55804677,68,,,67551776,7
,,35186802,17,,,55876602,69,,,67682245,8
,,35213662,18,,,55912783,70,,,67707706,8
,,35237227,19,,,55959764,71,,,67788372,8
,,35277652,20,,,56001551,72,,,67814619,8
,,35335070,21,,,56033579,73,,,67860857,8
,,35356806,22,,,56101099,74,,,67880948,8
,,35383332,23,,,56168288,75,,,67921805,8
,,35532032,24,,,56213650,76,,,67955893,8
,,35553378,25,,,56481730,77,,,68032934,8
,,35582550,26,,,56510389,78,,,68083807,8
,,35603315,27,,,56579679,79,,,68179112,9
,,35622980,28,,,56604328,80,,,68298017,10
,,35659802,29,,,56687240,81,,,68341207,10
,,35687618,30,,,56762658,82,,,68466137,11
,,35710990,31,,,56787079,83,,,68529918,5
,,35754677,32,,,56818984,84,,,68621475,5
,,35772945,33,,,56859367,85,,,68737397,6
,,35810040,34,,,56884759,86,,,68780452,2
,,35836623,35,,,56902902,87,,,68796013,2
,,35861197,36,,,56950262,88,,,68812128,2
,,35877835,37,,,56988071,89,,,68828814,2
,,35915935,38,,,57023300,90,,,68848789,2
,,35938431,39,,,57122083,91,,,68868879,2
,,35956486,40,,,57189369,92,,,68898940,2
,,35974664,41,,,57214209,93,,,68941095,2
,,35994102,42,,,57260768,94,,,68969149,2
,,36026722,43,,,57333120,95,,,68992372,2
,,36061048,44,,,57388144,96,,,69100837,3
,,36091555,45,,,57405171,97,,,69130766,3
,,36143505,46,,,57505139,98,,,69163152,3
,,36175703,47,,,57552299,99,,,69273182,4
,,36230738,48,,,57654319,100,,,69341600,5
,,36265766,49,,,57733678,101,,,69376165,5
,,36291789,50,,,57755662,102,,,69450204,5
,,36317713,51,,,57773618,103,,,69557015,6
,,36336087,52,,,57804436,104,,,69637713,6
,,36363694,53,,,57838617,105,,,69662855,6
,,36384304,54,,,57860242,106,,,69719723,6
,,36407624,55,,,57970850,107,,,69766196,4
,,36478569,56,,,58072767,108,,,69794126,4
,,36499575,57,,,58091827,109,,,69837949,4
,,36518275,58,,,58108893,110,,,69958927,4
,,36546874,59,,,58205760,111,,,70033532,0
,,36565089,60,,,58328909,112,,,70049092,0
,,36582233,61,,,58381668,113,,,70065207,0
,,36601420,62,,,58438143,114,,,70081682,0
,,36617854,62,,,58489648,115,,,70103852,0
,,36661918,63,,,58562776,116,,,70123262,0
,,36696265,64,,,58602712,117,,,70153610,0
,,36721003,65,,,58627310,118,,,70211239,0
,,36737756,66,,,58673907,119,,,70227938,0
,,36770200,67,,,58779997,120,,,70315507,0
,,36799623,68,,,58804620,121,,,70431129,1
,,36818884,69,,,58835653,122,,,70470382,1
,,36835983,70,,,58871606,123,,,70582885,2
,,36883543,71,,,58951705,124,,,70633768,2
,,36902885,72,,,58988458,125,,,70663788,2
,,36955221,73,,,59058524,126,,,70737660,3
,,37001077,74,,,59077453,127,,,70780344,3
,,37027324,75,,,59139476,128,,,70828289,3
,,37067016,0,,,59166021,129,,,70905099,3
,,37077163,0,,,59185915,130,,,70957906,3
,,37088693,0,,,59208518,131,,,70974361,3
,,37101390,0,,,59229655,132,,,71031859,3
,,37115109,0,,,59259407,133,,,71151750,4
,,37129574,0,,,59314011,134,,,71209645,4
,,37144592,0,,,59452525,135,,,71303517,4
,,37160096,0,,,59514659,136,,,71423868,5
,,37175900,0,,,59631665,137,,,71532316,5
,,37191904,0,,,59707922,138,,,71591297,5
,,37208135,0,,,59857437,139,,,71659706,5
,,37224572,0,,,59912732,140,,,71695389,5
,,37240895,0,,,59974011,141,,,71714466,5
,,37257406,0,,,60066516,142,,,71746261,5
,,37274041,0,,,60099506,143,,,71797682,5
,,37291027,1,,,60145259,144,,,71850176,5
,,37307607,1,,,60162792,145,,,71914574,5
,,37326607,2,,,60199090,146,,,72045849,6
,,37343781,2,,,60229259,147,,,72113132,6
,,37366399,3,,,60266833,148,,,72246652,1
,,37395566,4,,,60293124,149,,,72263089,1
,,37418871,5,,,60315697,150,,,72291089,1
,,37476374,6,,,60358274,151,,,72400173,2
,,37496107,7,,,60381466,152,,,72427092,1
,,37533124,8,,,60421387,153,,,72442628,1
,,37607369,9,,,60462289,154,,,72458873,1
,,37644086,10,,,60526999,155,,,72475236,1
,,37680055,11,,,60552446,156,,,72491710,1
,,37744392,12,,,60569815,157,,,72509737,1
,,37774192,13,,,60620333,158,,,72596151,1
,,37798333,14,,,60691493,159,,,72622656,1
,,37818312,15,,,60725339,160,,,72663239,1
,,37851010,16,,,60758195,161,,,72681021,1
,,37873599,17,,,60860596,162,,,72746166,2
,,37912200,18,,,60880902,163,,,72770854,2
,,37936964,19,,,60934010,164,,,72800148,2
,,37969234,20,,,61005173,165,,,72877270,2
,,37993097,21,,,61059716,166,,,72920416,2
,,38010276,22,,,61111408,167,,,72977426,2
,,38060645,23,,,61148509,168,,,73032839,2
,,38158325,24,,,61237042,169,,,73119304,2
,,38200308,25,,,61276911,170,,,73136569,2
,,38224745,26,,,61325494,171,,,73156237,2
,,38246711,27,,,61418760,172,,,73249429,3
,,38263624,28,,,61447658,173,,,73366091,4
,,38281040,29,,,61467720,174,,,73410404,4
,,38320119,30,,,61534960,175,,,73433623,2
,,38356921,31,,,61578248,176,,,73449177,2
,,38391998,32,,,61596182,177,,,73465444,2
,,38417518,33,,,61616722,178,,,73481888,2
,,38452750,34,,,61642215,179,,,73506334,2
,,38473659,35,,,61688202,180,,,73545621,2
,,38528674,36,,,61717403,181,,,73614046,3
,,38547801,37,,,61762693,182,,,73642880,3
,,38569339,38,,,61880084,183,,,73663629,3
,,38631420,39,,,61926812,184,,,73694899,3
,,38660930,40,,,61943541,185,,,73711804,3
,,38685034,41,,,62009326,186,,,73728656,3
,,38714435,42,,,62050903,187,,,73777854,3
,,38756933,43,,,62068264,188,,,73794380,3
,,38844410,44,,,62154029,189,,,73825982,3
,,38876592,45,,,62192017,190,,,73920187,3
,,38915341,46,,,62224231,191,,,73990280,3
,,38973904,47,,,62299948,192,,,74104891,3
,,39011865,48,,,62327694,193,,,74122425,3
,,39034087,49,,,62382319,194,,,74197050,4
,,39087847,50,,,62505089,195,,,74275208,4
,,39114936,51,,,62540220,196,,,74292318,4
,,39136008,52,,,62642630,197,,,74376021,4
,,39180216,53,,,62667348,198,,,74484471,5
,,39198399,54,,,62683777,199,,,74585834,6
,,39218126,55,,,62708230,200,,,74651321,6
,,39240496,56,,,62758800,201,,,74684479,6
,,39276132,57,,,62822048,202,,,74721721,6
,,39295345,58,,,62865312,203,,,74764426,6
,,39329023,59,,,62892660,204,,,74849655,6
,,39362976,60,,,62930942,205,,,74933953,6
,,39388930,61,,,62966581,206,,,75035358,7
,,39422780,62,,,63016529,207,,,75112882,7
,,39440334,63,,,63042483,208,,,75163404,7
,,39468969,64,,,63060260,209,,,75277877,8
,,39488720,65,,,63223071,210,,,75400602,9
,,39558985,66,,,63259558,211,,,75450713,9
,,39586583,67,,,63371908,212,,,75545384,10
,,39635091,68,,,63402871,213,,,75623867,10
,,39711357,0,,,63426458,214,,,75696437,10
,,39720837,0,,,63447404,215,,,75839221,11
,,39731870,0,,,63469298,216,,,75871395,11
,,39744233,0,,,63532732,217,,,75995641,9
,,39757488,0,,,63573251,218,,,76064262,9
,,39771655,0,,,63628908,219,,,76178334,9
,,39786474,0,,,63657175,220,,,76195401,4
,,39801787,0,,,63821206,221,,,76211355,4
,,39817533,0,,,63886599,222,,,76227795,4
,,39833479,0,,,63929112,223,,,76246605,4
,,39849626,0,,,63965297,224,,,76264777,4
,,39865884,0,,,63997682,225,,,76338424,4
,,39882944,0,,,64126699,226,,,76361342,4
,,39899680,0,,,64147345,227,,,76480737,4
,,39916081,0,,,64171429,228,,,76510405,4
,,39934833,0,,,64199460,229,,,76559260,4
,,39955580,0,,,64231071,230,,,76606834,4
,,39974798,0,,,64340828,231,,,76647773,4
,,39994330,1,,,64362934,232,,,76766514,5
,,40028355,2,,,64397722,233,,,76830068,5
,,40052312,3,,,64422126,234,,,76921986,1
,,40078176,4,,,64459974,235,,,76937559,1
,,40103431,5,,,64536943,236,,,76954085,1
,,40142123,6,,,64562912,237,,,76970460,1
,,40160303,7,,,64620056,238,,,76993657,1
,,40208429,8,,,64690073,239,,,77010335,1
,,40225616,9,,,64733565,240,,,77029234,1
,,40260213,10,,,64806946,241,,,77046431,1
,,40276665,11,,,64908171,242,,,77071158,1
,,40315055,12,,,64933066,243,,,77101303,1
,,40341749,13,,,64969580,244,,,77212214,1
,,40360159,14,,,65047403,245,,,77292097,1
,,40406662,15,,,65106912,246,,,77309043,1
,,40464669,16,,,65211358,247,,,77357540,1
,,40537338,17,,,65261913,248,,,77438794,1
,,40597427,18,,,65280139,248,,,77509842,1
,,40633747,19,,,65305106,249,,,77546847,1
,,40693427,20,,,65382840,250,,,77621551,1
,,40764702,21,,,65459276,251,,,77642998,1
,,40795931,22,,,65487501,252,,,77680618,1
,,40812362,23,,,65507807,253,,,77714193,1
,,40831265,24,,,65685354,254,,,77738151,1
,,40870792,25,,,65742096,255,,,77826352,2
,,40889128,26,,,65767407,256,,,77920687,3
,,40916289,27,,,65837315,257,,,77972969,3
,,40933489,28,,,65857079,258,,,78009735,3
,,40958257,29,,,65905333,259,,,78128800,4
,,41014579,30,,,65937963,260,,,78195605,4
,,41035729,31,,,65982851,261,,,78288324,4
,,41095550,32,,,66021750,262,,,78364762,4
,,41180503,33,,,66050182,263,,,78467889,5
,,41213447,34,,,66120785,264,,,78573607,5
,,41233389,35,,,66168768,265,,,78619820,5
,,41255744,36,,,66202615,266,,,78720843,5
,,41284937,37,,,66316082,267,,,78832098,5
,,41317887,38,,,66343082,268,,,78951261,5
,,41334984,39,,,66415446,269,,,79052183,6
,,41371144,40,,,66433250,270,,,79096722,6
,,41404933,41,,,66466572,271,,,79209000,6
,,41439600,42,,,66504495,272,,,79322831,7
,,41465651,43,,,66609824,273,,,79400320,7
,,41504538,44,,,66644059,274,,,79512715,8
,,41549394,45,,,66672841,275,,,79580046,8
,,41578379,46,,,66750470,276,,,79622706,8
,,41606932,47,,,66794538,277,,,79655244,8
,,41630810,48,,,66816163,278,,,79764514,9
,,41651320,49,,,66840816,279,,,79791128,9
,,41682712,50,,,66868025,280,,,79814189,9
,,41706400,51,,,66989588,281,,,79874569,9
,,41734001,52,,,67037138,282,,,79990568,5
,,41763566,53,,,67090816,283,,,80087667,6
,,41787995,54,,,67124793,284,,,80189160,5
,,41807841,55,,,67179727,285,,,80204746,5
,,41834423,56,,,67236265,286,,,80220898,5
,,41860470,57,,,67254504,287,,,80237307,5
,,41886544,58,,,67271205,288,,,80253690,5
,,41903316,59,,,67336463,289,,,80270277,5
,,41921978,60,,,67414721,290,,,80304672,5
,,41947216,61,,,67497040,291,,,80361017,4
,,41965247,62,,,67517800,292,,,80381999,4
,,41986356,63,,,67555009,293,,,80467053,5
,,42015494,64,,,67625305,294,,,80488862,6
,,42045250,65,,,67709668,295,,,80597948,7
,,42075741,66,,,67749111,296,,,80617353,7
,,42099686,67,,,67775172,297,,,80634140,3
,,42154829,68,,,67822324,298,,,80650327,3
,,42177655,69,,,67889822,299,,,80666918,3
,,42205674,70,,,67914491,300,,,80697617,3
,,42246864,71,,,67951444,301,,,80744990,3
,,42289140,72,,,67996291,302,,,80766907,3
,,42309277,73,,,68031110,303,,,80797107,3
,,42358698,0,,,68074762,304,,,80873616,4
,,42368280,0,,,68105373,305,,,80894562,5
,,42379229,0,,,68161711,306,,,80991827,5
,,42391441,0,,,68189686,307,,,81070294,5
,,42404861,0,,,68226940,308,,,81096160,5
,,42419056,0,,,68279529,309,,,81117779,5
,,42433947,0,,,68297764,310,,,81136932,5
,,42449315,0,,,68319856,311,,,81154289,5
,,42465067,0,,,68347776,312,,,81173015,5
,,42481054,0,,,68378685,313,,,81215729,5
,,42497184,0,,,68477317,314,,,81249470,5
,,42513402,0,,,68504987,315,,,81328158,5
,,42530292,0,,,68525101,316,,,81347841,5
,,42546938,0,,,68578050,317,,,81386392,5
,,42563669,0,,,68637430,318,,,81514750,6
,,42580604,0,,,68660489,319,,,81587924,6
,,42602587,0,,,68681527,320,,,81674445,6
,,42621019,0,,,68699123,321,,,81748316,6
,,42638225,0,,,68718917,322,,,81794515,6
,,42671936,1,,,68884841,323,,,81898553,7
,,42690961,2,,,68954789,324,,,81949399,7
,,42714417,3,,,69041973,325,,,81970438,7
,,42739497,4,,,69082630,326,,,82057749,7
,,42757204,5,,,69113780,327,,,82168662,8
,,42778306,6,,,69231538,328,,,82273589,8
,,42807553,7,,,69270960,329,,,82328369,8
,,42853592,8,,,69335677,330,,,82434393,9
,,42908725,9,,,69355269,331,,,82482887,9
,,42933920,10,,,69410209,332,,,82518562,9
,,42954807,11,,,69442029,333,,,82555200,9
,,42976539,12,,,69475641,334,,,82668095,10
,,42993483,13,,,69516926,335,,,82759750,10
,,43017759,14,,,69573688,336,,,82916918,11
,,43036883,15,,,69636595,337,,,83018464,12
,,43065710,16,,,69653365,338,,,83137327,13
,,43100110,17,,,69785150,339,,,83213456,13
,,43119600,18,,,69817194,340,,,83247011,13
,,43141039,19,,,69875234,341,,,83315242,13
,,43165917,20,,,69974007,342,,,83341925,13
,,43200256,21,,,69990467,343,,,83385068,5
,,43285344,22,,,70014188,344,,,83504393,6
,,43315857,23,,,70124253,345,,,83559906,6
,,43355899,24,,,70170814,346,,,83656021,5
,,43384862,25,,,70230279,347,,,83671576,5
,,43405688,26,,,70286760,348,,,83687710,5
,,43439336,27,,,70372461,349,,,83704099,5
,,43478562,28,,,70392048,350,,,83721646,5
,,43533873,29,,,70432978,351,,,83763460,5
,,43553441,30,,,70474861,352,,,83797598,5
,,43570396,31,,,70543159,353,,,83833776,5
,,43598078,32,,,70592533,354,,,83853636,5
,,43616277,33,,,70616643,355,,,83894765,5
,,43645556,34,,,70637589,356,,,83959769,6
,,43690238,35,,,70685727,357,,,84000887,6
,,43719667,36,,,70751155,358,,,84047718,6
,,43742662,37,,,70784641,359,,,84183889,5
,,43763533,38,,,70822835,360,,,84252204,5
,,43786198,39,,,70853491,361,,,84361261,0
,,43811446,40,,,70902069,362,,,84376806,0
,,43841514,41,,,70974925,363,,,84392951,0
,,43862690,42,,,71020894,364,,,84410174,0
,,43890531,43,,,71046205,365,,,84429635,0
,,43921213,44,,,71103131,366,,,84463249,0
,,43965922,45,,,71181737,367,,,,
,,44027573,46,,,71248895,368,,,,
,,44059858,47,,,71269011,369,,,,
,,44085399,48,,,71302660,370,,,,
,,44139438,49,,,71369450,371,,,,
,,44170091,50,,,71467548,372,,,,
,,44193445,51,,,71523226,373,,,,
,,44218936,52,,,71569008,374,,,,
,,44242090,53,,,71693529,375,,,,
,,44262933,54,,,71717055,376,,,,
,,44284967,55,,,71832702,377,,,,
,,44331142,56,,,71900180,378,,,,
,,44348968,57,,,71966607,379,,,,
,,44398232,58,,,72008295,380,,,,
,,44440986,59,,,72050366,381,,,,
,,44494404,60,,,72078922,382,,,,
,,44511850,61,,,72114077,383,,,,
,,44648701,62,,,72157495,384,,,,
,,44666964,63,,,72208980,385,,,,
,,44707058,64,,,72285579,386,,,,
,,44727210,65,,,72311615,387,,,,
,,44774713,66,,,72335437,388,,,,
,,44815599,67,,,72435324,389,,,,
,,44832539,68,,,72471962,390,,,,
,,44865077,69,,,72501425,391,,,,
,,44888531,70,,,72533448,392,,,,
,,44919225,71,,,72578293,393,,,,
,,44946875,72,,,72605343,394,,,,
,,44970148,73,,,72661547,395,,,,
,,45009509,0,,,72744707,396,,,,
,,45019717,0,,,72772243,397,,,,
,,45031268,0,,,72828397,398,,,,
,,45043950,0,,,72916650,399,,,,
,,45057653,0,,,72941407,400,,,,
,,45072161,0,,,73029079,401,,,,
,,45087330,0,,,73077955,402,,,,
,,45102841,0,,,73143686,403,,,,
,,45118719,0,,,73172865,404,,,,
,,45134706,0,,,73299581,405,,,,
,,45150971,0,,,73317058,406,,,,
,,45167820,0,,,73351160,407,,,,
,,45184339,0,,,73409437,408,,,,
,,45201289,0,,,73471870,409,,,,
,,45218312,0,,,73522671,410,,,,
,,45234761,0,,,73627985,411,,,,
,,45254526,0,,,73647161,412,,,,
,,45281423,0,,,73727400,413,,,,
,,45309439,0,,,73776974,414,,,,
,,45326285,0,,,73794320,415,,,,
,,45343398,1,,,73817079,416,,,,
,,45364270,2,,,73834248,417,,,,
,,45386547,3,,,73851292,418,,,,
,,45417836,4,,,73897544,419,,,,
,,45440081,5,,,73963589,420,,,,
,,45463514,6,,,73989794,421,,,,
,,45498782,7,,,74014485,422,,,,
,,45572918,8,,,74068269,423,,,,
,,45600716,9,,,74095434,424,,,,
,,45634113,10,,,74157127,425,,,,
,,45678688,11,,,74176988,426,,,,
,,45697511,12,,,74270804,427,,,,
,,45721833,13,,,74344662,428,,,,
,,45760811,14,,,74372102,429,,,,
,,45804611,15,,,74424818,430,,,,
,,45838563,16,,,74464089,431,,,,
,,45865272,17,,,74494233,432,,,,
,,45883725,18,,,74531635,433,,,,
,,45901145,19,,,74553694,434,,,,
,,45917919,20,,,74578288,435,,,,
,,45943773,21,,,74631707,436,,,,
,,45973992,22,,,74756729,437,,,,
,,45993407,23,,,74779692,438,,,,
,,46013566,24,,,74797160,439,,,,
,,46034300,25,,,74839580,440,,,,
,,46066006,26,,,74891011,441,,,,
,,46088217,27,,,74933408,442,,,,
,,46106374,28,,,74951432,443,,,,
,,46127239,29,,,75048665,444,,,,
,,46161408,30,,,75065329,445,,,,
,,46193879,31,,,75084476,446,,,,
,,46211229,32,,,75144112,447,,,,
,,46283870,33,,,75215719,447,,,,
,,46330879,34,,,75236327,448,,,,
,,46365816,35,,,75262117,449,,,,
,,46384423,36,,,75313647,450,,,,
,,46408088,37,,,75339736,451,,,,
,,46431296,38,,,75367598,452,,,,
,,46487491,39,,,75429288,453,,,,
,,46507963,40,,,75522284,454,,,,
,,46541127,41,,,75544749,455,,,,
,,46563866,42,,,75651847,456,,,,
,,46588471,43,,,75712614,457,,,,
,,46608285,44,,,75749200,458,,,,
,,46630096,45,,,75770076,459,,,,
,,46650205,46,,,75826780,460,,,,
,,46678107,47,,,75844790,461,,,,
,,46748508,48,,,75864992,462,,,,
,,46785493,49,,,75900958,463,,,,
,,46806550,50,,,75957826,464,,,,
,,46827355,51,,,75974382,465,,,,
,,46886962,52,,,76063575,466,,,,
,,46932691,53,,,76084801,467,,,,
,,46975079,54,,,76140232,468,,,,
,,47047458,55,,,76195289,469,,,,
,,47069778,56,,,76235262,470,,,,
,,47102015,57,,,76308498,471,,,,
,,47120992,58,,,76330964,472,,,,
,,47140999,59,,,76367055,473,,,,
,,47193667,60,,,76394842,474,,,,
,,47232324,61,,,76438371,475,,,,
,,47249328,62,,,76476503,476,,,,
,,47274399,63,,,76528696,477,,,,
,,47313652,64,,,76554642,478,,,,
,,47331270,65,,,76597701,479,,,,
,,47376811,66,,,76678043,480,,,,
,,47414628,67,,,76773002,481,,,,
,,47436010,68,,,76826602,482,,,,
,,47453204,69,,,76847608,483,,,,
,,47475410,70,,,76901758,484,,,,
,,47501351,71,,,76983163,485,,,,
,,47522457,72,,,77070086,486,,,,
,,47555986,73,,,77091951,487,,,,
,,47653305,0,,,77134308,488,,,,
,,47662801,0,,,77157864,489,,,,
,,47673755,0,,,77176906,490,,,,
,,47686154,0,,,77198216,491,,,,
,,47699505,0,,,77223764,492,,,,
,,47713764,0,,,77258193,493,,,,
,,47728738,0,,,77286347,494,,,,
,,47744059,0,,,77332727,495,,,,
,,47759780,0,,,77353012,496,,,,
,,47775741,0,,,77394680,497,,,,
,,47792085,0,,,77424019,498,,,,
,,47808406,0,,,77522255,499,,,,
,,47824706,0,,,77563223,500,,,,
,,47841376,0,,,77610760,501,,,,
,,47857808,0,,,77707017,502,,,,
,,47874190,0,,,77748130,503,,,,
,,47890952,0,,,77842276,504,,,,
,,47909194,0,,,77863881,505,,,,
,,47935902,0,,,78019133,506,,,,
,,47952312,0,,,78038412,507,,,,
,,47981165,1,,,78089721,508,,,,
,,48022700,2,,,78199972,509,,,,
,,48039320,3,,,78223635,510,,,,
,,48059350,4,,,78266913,511,,,,
,,48080667,5,,,78306026,512,,,,
,,48101107,6,,,78328678,513,,,,
,,48123673,7,,,78347665,514,,,,
,,48144757,8,,,78365448,515,,,,
,,48163524,9,,,78418283,0,,,,
,,48188309,10,,,78427853,0,,,,
,,48245685,11,,,78438552,0,,,,
,,48268048,12,,,78450167,0,,,,
,,48316241,13,,,78462509,0,,,,
,,48334842,14,,,78475652,0,,,,
,,48380789,15,,,78489392,0,,,,
,,48406008,16,,,78503698,0,,,,
,,48438702,17,,,78518445,0,,,,
,,48465223,18,,,78533562,0,,,,
,,48533685,19,,,78548997,0,,,,
,,48550809,20,,,78564652,0,,,,
,,48633798,21,,,78580494,0,,,,
,,48681090,22,,,78596385,0,,,,
,,48703257,23,,,78612693,0,,,,
,,48727435,24,,,78628906,0,,,,
,,48763258,25,,,78645118,0,,,,
,,48797545,26,,,78661475,0,,,,
,,48848140,27,,,78677970,0,,,,
,,48892777,28,,,78694399,0,,,,
,,48914838,29,,,78710876,0,,,,
,,48949640,30,,,78727567,0,,,,
,,48982082,31,,,78745366,1,,,,
,,49000917,32,,,78762588,1,,,,
,,49055470,33,,,78782737,1,,,,
,,49129807,34,,,78800087,1,,,,
,,49153109,35,,,78821196,1,,,,
,,49181680,36,,,78841588,1,,,,
,,49215399,37,,,78872766,1,,,,
,,49243709,38,,,78894282,1,,,,
,,49284922,39,,,78913527,2,,,,
,,49313225,40,,,78936221,2,,,,
,,49329716,41,,,78962229,3,,,,
,,49346671,42,,,78981806,4,,,,
,,49385601,43,,,79049053,5,,,,
,,49404490,44,,,79078608,6,,,,
,,49458783,45,,,79109662,7,,,,
,,49476075,46,,,79147623,8,,,,
,,49510233,47,,,79173176,9,,,,
,,49529293,48,,,79202782,10,,,,
,,49584643,49,,,79232378,11,,,,
,,49605004,50,,,79267287,12,,,,
,,49624570,51,,,79288582,13,,,,
,,49651031,52,,,79364970,14,,,,
,,49695370,53,,,79391731,15,,,,
,,49736870,54,,,79428694,16,,,,
,,49763374,55,,,79447994,17,,,,
,,49786198,56,,,79509277,18,,,,
,,49802985,57,,,79531928,19,,,,
,,49822704,58,,,79591116,20,,,,
,,49843897,59,,,79617822,21,,,,
,,49864870,60,,,79649596,22,,,,
,,49892703,61,,,79741591,23,,,,
,,49911586,62,,,79772953,24,,,,
,,49973081,63,,,79849669,25,,,,
,,49998743,64,,,79900237,26,,,,
,,50068735,65,,,79918172,27,,,,
,,50095423,66,,,79951316,28,,,,
,,50138158,67,,,80025374,29,,,,
,,50158759,68,,,80057595,30,,,,
,,50231834,69,,,80097200,31,,,,
,,50273705,70,,,80308241,32,,,,
,,50309762,0,,,80329151,33,,,,
,,50320581,0,,,80385674,34,,,,
,,50332774,0,,,80421177,35,,,,
,,50346073,0,,,80455688,36,,,,
,,50360246,0,,,80481120,37,,,,
,,50375024,0,,,80527782,38,,,,
,,50390345,0,,,80549017,39,,,,
,,50406057,0,,,80567433,40,,,,
,,50422060,0,,,80595541,41,,,,
,,50438187,0,,,80690582,42,,,,
,,50454474,0,,,80736471,43,,,,
,,50470930,0,,,80764144,44,,,,
,,50487400,0,,,80789608,45,,,,
,,50504233,0,,,80814119,46,,,,
,,50521056,0,,,80845580,47,,,,
,,50538773,0,,,80870466,48,,,,
,,50556182,0,,,80895028,49,,,,
,,50575974,0,,,80934730,50,,,,
,,50594933,0,,,80966955,51,,,,
,,50612542,1,,,80994577,52,,,,
,,50672867,2,,,81069083,53,,,,
,,50692678,2,,,81114469,54,,,,
,,50711764,3,,,81173054,55,,,,
,,50741608,4,,,81270928,56,,,,
,,50772931,5,,,81295677,57,,,,
,,50790484,6,,,81338406,58,,,,
,,50808867,7,,,81385284,59,,,,
,,50890784,8,,,81421528,60,,,,
,,50917514,9,,,81486916,61,,,,
,,50943174,10,,,81514776,62,,,,
,,50965007,11,,,81532296,63,,,,
,,50998595,12,,,81550496,64,,,,
,,51019594,13,,,81575392,65,,,,
,,51042744,14,,,81637840,66,,,,
,,51059371,15,,,81668251,67,,,,
,,51082124,16,,,81803406,68,,,,
,,51100696,17,,,81850715,69,,,,
,,51204927,18,,,81907144,70,,,,
,,51237769,19,,,81971043,71,,,,
,,51266102,20,,,82067761,72,,,,
,,51285792,21,,,82160548,73,,,,
,,51302695,22,,,82181934,74,,,,
,,51329719,23,,,82229102,75,,,,
,,51349914,24,,,82325026,76,,,,
,,51369359,25,,,82363172,77,,,,
,,51386298,26,,,82445106,78,,,,
,,51445118,27,,,82530301,79,,,,
,,51463976,28,,,82619972,80,,,,
,,51485452,29,,,82649483,81,,,,
,,51502292,30,,,82742674,82,,,,
,,51585200,31,,,82815411,83,,,,
,,51610983,32,,,82884947,84,,,,
,,51633001,33,,,82906270,85,,,,
,,51654548,34,,,82971813,86,,,,
,,51693607,35,,,82998337,87,,,,
,,51715141,36,,,83018610,88,,,,
,,51735069,37,,,83049125,89,,,,
,,51765156,38,,,83120050,90,,,,
,,51786432,39,,,83139258,91,,,,
,,51826487,40,,,83159888,92,,,,
,,51859740,41,,,83176467,93,,,,
,,51877732,42,,,83211138,94,,,,
,,51935746,43,,,83255133,95,,,,
,,51957893,44,,,83298676,96,,,,
,,51982511,45,,,83348288,97,,,,
,,52032453,46,,,83374851,98,,,,
,,52063596,47,,,83470477,99,,,,
,,52088143,48,,,83572148,100,,,,
,,52110501,49,,,83598769,101,,,,
,,52153020,50,,,83624879,102,,,,
,,52174384,51,,,83869102,103,,,,
,,52203615,52,,,83887710,104,,,,
,,52221558,53,,,83908090,105,,,,
,,52240489,54,,,84135756,106,,,,
,,52274980,55,,,84216416,107,,,,
,,52321210,56,,,84241054,108,,,,
,,52339623,57,,,84278742,109,,,,
,,52368370,58,,,84309653,110,,,,
,,52414876,59,,,84370900,111,,,,
,,52436956,60,,,84408264,112,,,,
,,52466528,61,,,84456684,113,,,,
,,52490765,62,,,84486494,114,,,,
,,52517197,63,,,84510494,115,,,,
,,52565549,64,,,84568840,116,,,,
,,52603703,65,,,84623084,117,,,,
,,52621760,66,,,84639906,118,,,,
,,52643236,67,,,84657202,119,,,,
,,52667045,68,,,84688032,120,,,,
,,52693564,69,,,84714563,121,,,,
,,52712001,70,,,84740554,122,,,,
,,52741847,71,,,84760209,123,,,,
,,52762512,72,,,84785973,124,,,,
,,52781778,73,,,84839055,125,,,,
,,52830008,74,,,84880731,126,,,,
,,52870907,75,,,,,,,,
,,52900184,76,,,,,,,,
,,52948422,0,,,,,,,,
,,52957998,0,,,,,,,,
,,52969048,0,,,,,,,,
,,52981280,0,,,,,,,,
,,52994601,0,,,,,,,,
,,53008726,0,,,,,,,,
,,53023607,0,,,,,,,,
,,53038935,0,,,,,,,,
,,53054656,0,,,,,,,,
,,53070612,0,,,,,,,,
,,53086758,0,,,,,,,,
,,53103187,0,,,,,,,,
,,53119640,0,,,,,,,,
,,53136232,0,,,,,,,,
,,53152668,0,,,,,,,,
,,53170685,0,,,,,,,,
,,53187660,0,,,,,,,,
,,53211383,0,,,,,,,,
,,53231795,0,,,,,,,,
,,53250064,0,,,,,,,,
,,53271646,0,,,,,,,,
,,53301431,1,,,,,,,,
,,53333441,2,,,,,,,,
,,53394839,3,,,,,,,,
,,53425196,4,,,,,,,,
,,53462563,5,,,,,,,,
,,53487445,6,,,,,,,,
,,53516832,7,,,,,,,,
,,53549567,8,,,,,,,,
,,53570325,9,,,,,,,,
,,53598915,10,,,,,,,,
,,53637035,11,,,,,,,,
,,53660967,12,,,,,,,,
,,53679796,13,,,,,,,,
,,53713866,14,,,,,,,,
,,53730567,15,,,,,,,,
,,53769444,16,,,,,,,,
,,53786739,17,,,,,,,,
,,53814411,18,,,,,,,,
,,53845984,19,,,,,,,,
,,53865159,20,,,,,,,,
,,53884554,21,,,,,,,,
,,53908742,22,,,,,,,,
,,53940047,23,,,,,,,,
,,53981748,24,,,,,,,,
,,54032986,25,,,,,,,,
,,54050178,26,,,,,,,,
,,54073805,27,,,,,,,,
,,54115000,28,,,,,,,,
,,54140061,29,,,,,,,,
,,54254033,30,,,,,,,,
,,54278471,31,,,,,,,,
,,54308538,32,,,,,,,,
,,54363186,33,,,,,,,,
,,54398188,34,,,,,,,,
,,54473297,35,,,,,,,,
,,54509359,36,,,,,,,,
,,54582416,37,,,,,,,,
,,54599946,38,,,,,,,,
,,54626041,39,,,,,,,,
,,54662805,40,,,,,,,,
,,54707613,41,,,,,,,,
,,54749925,42,,,,,,,,
,,54799196,43,,,,,,,,
,,54822688,44,,,,,,,,
,,54845444,45,,,,,,,,
,,54861970,46,,,,,,,,
,,54886321,47,,,,,,,,
,,54969151,48,,,,,,,,
,,54986075,49,,,,,,,,
,,55004099,50,,,,,,,,
,,55062260,51,,,,,,,,
,,55081264,52,,,,,,,,
,,55138692,52,,,,,,,,
,,55158704,53,,,,,,,,
,,55182220,54,,,,,,,,
,,55202072,55,,,,,,,,
,,55232748,56,,,,,,,,
,,55255686,57,,,,,,,,
,,55331571,58,,,,,,,,
,,55353940,59,,,,,,,,
,,55389851,60,,,,,,,,
,,55429376,61,,,,,,,,
,,55467315,62,,,,,,,,
,,55510017,63,,,,,,,,
,,55566224,64,,,,,,,,
,,55603306,0,,,,,,,,
,,55614007,0,,,,,,,,
,,55626001,0,,,,,,,,
,,55639178,0,,,,,,,,
,,55653118,0,,,,,,,,
,,55667854,0,,,,,,,,
,,55683080,0,,,,,,,,
,,55698718,0,,,,,,,,
,,55714639,0,,,,,,,,
,,55730771,0,,,,,,,,
,,55746945,0,,,,,,,,
,,55763411,0,,,,,,,,
,,55780438,0,,,,,,,,
,,55796981,0,,,,,,,,
,,55814503,0,,,,,,,,
,,55831773,0,,,,,,,,
,,55850011,0,,,,,,,,
,,55884522,1,,,,,,,,
,,55919919,2,,,,,,,,
,,55950399,3,,,,,,,,
,,55987642,4,,,,,,,,
,,56038581,5,,,,,,,,
,,56058657,6,,,,,,,,
,,56114665,7,,,,,,,,
,,56215687,8,,,,,,,,
,,56252679,9,,,,,,,,
,,56276040,10,,,,,,,,
,,56304845,11,,,,,,,,
,,56339583,12,,,,,,,,
,,56365696,13,,,,,,,,
,,56389346,14,,,,,,,,
,,56484235,15,,,,,,,,
,,56513169,16,,,,,,,,
,,56531936,17,,,,,,,,
,,56568663,18,,,,,,,,
,,56589614,19,,,,,,,,
,,56627961,20,,,,,,,,
,,56683698,21,,,,,,,,
,,56734546,22,,,,,,,,
,,56768511,23,,,,,,,,
,,56794417,24,,,,,,,,
,,56833826,25,,,,,,,,
,,56864588,26,,,,,,,,
,,56898435,27,,,,,,,,
,,56936759,28,,,,,,,,
,,56971367,29,,,,,,,,
,,57021813,30,,,,,,,,
,,57042386,31,,,,,,,,
,,57059164,32,,,,,,,,
,,57079729,33,,,,,,,,
,,57102755,34,,,,,,,,
,,57132729,35,,,,,,,,
,,57165104,36,,,,,,,,
,,57193568,37,,,,,,,,
,,57223316,38,,,,,,,,
,,57250676,39,,,,,,,,
,,57270328,40,,,,,,,,
,,57290288,41,,,,,,,,
,,57350085,42,,,,,,,,
,,57383989,43,,,,,,,,
,,57406954,44,,,,,,,,
,,57428744,45,,,,,,,,
,,57498301,46,,,,,,,,
,,57517344,47,,,,,,,,
,,57557339,48,,,,,,,,
,,57580319,49,,,,,,,,
,,57596780,50,,,,,,,,
,,57631121,51,,,,,,,,
,,57652836,52,,,,,,,,
,,57682684,53,,,,,,,,
,,57707711,54,,,,,,,,
,,57724755,55,,,,,,,,
,,57753881,56,,,,,,,,
,,57795529,57,,,,,,,,
,,57817320,58,,,,,,,,
,,57857068,59,,,,,,,,
,,57963661,60,,,,,,,,
,,57995515,61,,,,,,,,
,,58018260,62,,,,,,,,
,,58041102,63,,,,,,,,
,,58083958,64,,,,,,,,
,,58126711,65,,,,,,,,
,,58159632,66,,,,,,,,
,,58188151,67,,,,,,,,
,,58243207,0,,,,,,,,
,,58252741,0,,,,,,,,
,,58263827,0,,,,,,,,
,,58276157,0,,,,,,,,
,,58289630,0,,,,,,,,
,,58303852,0,,,,,,,,
,,58318759,0,,,,,,,,
,,58334078,0,,,,,,,,
,,58349820,0,,,,,,,,
,,58365854,0,,,,,,,,
,,58381903,0,,,,,,,,
,,58398198,0,,,,,,,,
,,58414813,0,,,,,,,,
,,58431518,0,,,,,,,,
,,58448458,0,,,,,,,,
,,58466442,0,,,,,,,,
,,58483748,0,,,,,,,,
,,58500884,0,,,,,,,,
,,58556610,0,,,,,,,,
,,58602976,1,,,,,,,,
,,58648393,2,,,,,,,,
,,58664959,3,,,,,,,,
,,58692365,4,,,,,,,,
,,58722431,5,,,,,,,,
,,58755375,6,,,,,,,,
,,58773782,7,,,,,,,,
,,58824495,8,,,,,,,,
,,58857601,9,,,,,,,,
,,58877031,10,,,,,,,,
,,58956925,11,,,,,,,,
,,58976333,12,,,,,,,,
,,59015826,13,,,,,,,,
,,59045473,14,,,,,,,,
,,59078930,15,,,,,,,,
,,59100425,16,,,,,,,,
,,59128097,17,,,,,,,,
,,59161046,18,,,,,,,,
,,59182477,19,,,,,,,,
,,59207625,20,,,,,,,,
,,59268213,21,,,,,,,,
,,59300637,22,,,,,,,,
,,59318352,23,,,,,,,,
,,59411509,24,,,,,,,,
,,59452013,25,,,,,,,,
,,59482408,26,,,,,,,,
,,59506367,27,,,,,,,,
,,59522759,28,,,,,,,,
,,59582991,29,,,,,,,,
,,59611441,30,,,,,,,,
,,59637726,31,,,,,,,,
,,59688312,32,,,,,,,,
,,59721274,33,,,,,,,,
,,59751852,34,,,,,,,,
,,59768971,35,,,,,,,,
,,59789810,36,,,,,,,,
,,59806700,37,,,,,,,,
,,59844418,38,,,,,,,,
,,59874067,39,,,,,,,,
